drink,ingredient_number,ingredient,measure,category
'57 Chevy with a White License Plate,1,creme de cacao,1 oz white,other
'57 Chevy with a White License Plate,2,vodka,1 oz,vodka
1-900-FUK-MEUP,1,absolut kurant,1/2 oz,other
1-900-FUK-MEUP,2,grand marnier,1/4 oz,other
1-900-FUK-MEUP,3,raspberry liqueur,1/4 oz,liqueur
1-900-FUK-MEUP,4,melon liqueur,1/4 oz,liqueur
1-900-FUK-MEUP,5,malibu rum,1/4 oz,rum
1-900-FUK-MEUP,6,amaretto,1/4 oz,other
1-900-FUK-MEUP,7,cranberry juice,1/2 oz,juice
1-900-FUK-MEUP,8,pineapple juice,1/4 oz,juice
110 in the shade,1,lager,16 oz,other
110 in the shade,2,tequila,1.5 oz,other
151 Florida Bushwacker,1,malibu rum,1/2 oz,rum
151 Florida Bushwacker,2,light rum,1/2 oz,rum
151 Florida Bushwacker,3,151 proof rum,1/2 oz Bacardi,rum
151 Florida Bushwacker,4,dark creme de cacao,1 oz,other
151 Florida Bushwacker,5,cointreau,1 oz,other
151 Florida Bushwacker,6,milk,3 oz,other
151 Florida Bushwacker,7,coconut liqueur,1 oz,liqueur
151 Florida Bushwacker,8,vanilla ice-cream,1 cup,other
155 Belmont,1,dark rum,1 shot,rum
155 Belmont,2,light rum,2 shots,rum
155 Belmont,3,vodka,1 shot,vodka
155 Belmont,4,orange juice,1 shot,juice
24k nightmare,1,goldschlager,1/2 oz,other
24k nightmare,2,jägermeister,1/2 oz,other
24k nightmare,3,rumple minze,1/2 oz,other
24k nightmare,4,151 proof rum,1/2 oz Bacardi,rum
252,1,151 proof rum,1/2 shot Bacardi,rum
252,2,wild turkey,1/2 shot,other
3 Wise Men,1,jack daniels,1/3 oz,other
3 Wise Men,2,johnnie walker,1/3 oz,other
3 Wise Men,3,jim beam,1/3 oz,other
3-Mile Long Island Iced Tea,1,gin,1/2 oz,other
3-Mile Long Island Iced Tea,2,light rum,1/2 oz,rum
3-Mile Long Island Iced Tea,3,tequila,1/2 oz,other
3-Mile Long Island Iced Tea,4,triple sec,1/2 oz,other
3-Mile Long Island Iced Tea,5,vodka,1/2 oz,vodka
3-Mile Long Island Iced Tea,6,coca-cola,"
",other
3-Mile Long Island Iced Tea,7,sweet and sour,1-2 dash,other
3-Mile Long Island Iced Tea,8,bitters,1 wedge,other
410 Gone,1,peach vodka,2-3 oz,vodka
50/50,1,vanilla vodka,2 1/2 oz,vodka
50/50,2,grand marnier,1 splash,other
50/50,3,orange juice,Fill with,juice
501 Blue,1,blue curacao,"
",other
501 Blue,2,blueberry schnapps,"
",schnapps
501 Blue,3,vodka,"
",vodka
501 Blue,4,sour mix,"
",other
501 Blue,5,7-up,"
",other
69 Special,1,gin,2 oz dry,other
69 Special,2,7-up,4 oz,other
69 Special,3,lemon juice,0.75 oz,juice
747,1,kahlua,1/3 part,other
747,2,irish cream,1/3 part,cream
747,3,frangelico,1/3 part,other
9 1/2 Weeks,1,absolut citron,2 oz,other
9 1/2 Weeks,2,orange curacao,1/2 oz,other
9 1/2 Weeks,3,strawberry liqueur,1 splash,liqueur
9 1/2 Weeks,4,orange juice,1 oz,juice
A Day at the Beach,1,coconut rum,1 oz,rum
A Day at the Beach,2,amaretto,1/2 oz,other
A Day at the Beach,3,orange juice,4 oz,juice
A Day at the Beach,4,grenadine,1/2 oz,other
A Furlong Too Late,1,light rum,2 oz,rum
A Furlong Too Late,2,ginger beer,4 oz,other
A Furlong Too Late,3,lemon peel,1 twist of,other
A Gilligan's Island,1,vodka,1 oz,vodka
A Gilligan's Island,2,peach schnapps,1 oz,schnapps
A Gilligan's Island,3,orange juice,3 oz,juice
A Gilligan's Island,4,cranberry juice,3 oz,juice
A Night In Old Mandalay,1,light rum,1 oz,rum
A Night In Old Mandalay,2,añejo rum,1 oz,rum
A Night In Old Mandalay,3,orange juice,1 oz,juice
A Night In Old Mandalay,4,lemon juice,1/2 oz,juice
A Night In Old Mandalay,5,ginger ale,3 oz,other
A Night In Old Mandalay,6,lemon peel,1 twist of,other
A Piece of Ass,1,amaretto,1 shot,other
A Piece of Ass,2,southern comfort,1 shot,other
A Piece of Ass,3,ice,"cubes
",other
A Piece of Ass,4,sour mix,"
",other
A Splash of Nash,1,cranberry juice,2 oz,juice
A Splash of Nash,2,soda water,2 oz,other
A Splash of Nash,3,melon liqueur,0.5 oz,liqueur
A Splash of Nash,4,creme de banane,0.5 oz,other
A True Amaretto Sour,1,amaretto,1 jigger,other
A True Amaretto Sour,2,lemon,Juice of 1/2,other
A True Amaretto Sour,3,ice,"
",other
A midsummernight dream,1,vodka,2 oz,vodka
A midsummernight dream,2,kirschwasser,1 oz,other
A midsummernight dream,3,strawberry liqueur,1 tsp,liqueur
A midsummernight dream,4,strawberries,5,other
A midsummernight dream,5,schweppes russchian,"
",other
A. J.,1,applejack,1 1/2 oz,other
A. J.,2,grapefruit juice,1 oz,juice
A.D.M. (After Dinner Mint),1,white creme de menthe,1/2 oz,other
A.D.M. (After Dinner Mint),2,southern comfort,3/4 oz,other
A.D.M. (After Dinner Mint),3,vodka,1/2 oz,vodka
A.D.M. (After Dinner Mint),4,hot chocolate,Fill with,chocolate
A1,1,gin,1 3/4 shot,other
A1,2,grand marnier,1 Shot,other
A1,3,lemon juice,1/4 Shot,juice
A1,4,grenadine,1/8 Shot,other
ABC,1,amaretto,1/3,other
ABC,2,irish cream,1/3,cream
ABC,3,cognac,1/3,other
ACID,1,151 proof rum,1 oz Bacardi,rum
ACID,2,wild turkey,1 oz,other
AT&T,1,absolut vodka,1 oz,vodka
AT&T,2,gin,1 oz,other
AT&T,3,tonic water,4 oz,other
Abbey Cocktail,1,gin,1 1/2 oz,other
Abbey Cocktail,2,orange bitters,1 dash,other
Abbey Cocktail,3,orange,Juice of 1/4,other
Abbey Cocktail,4,cherry,1,other
Abbey Martini,1,gin,2 shots,other
Abbey Martini,2,sweet vermouth,1 shot,other
Abbey Martini,3,orange juice,1 shot,juice
Abbey Martini,4,angostura bitters,3 dashes,other
Abilene,1,dark rum,1 1/2 oz,rum
Abilene,2,peach nectar,2 oz,other
Abilene,3,orange juice,3 oz,juice
Absinthe #2,1,vodka,1 bottle,vodka
Absinthe #2,2,sugar,50 gr,other
Absinthe #2,3,anise,50 ml pure,other
Absinthe #2,4,licorice root,1 tblsp,other
Absinthe #2,5,wormwood,1,other
Absolut Evergreen,1,absolut citron,2/3 part,other
Absolut Evergreen,2,pisang ambon,1/3 part,other
Absolut Evergreen,3,ice,"cubes
",other
Absolut Evergreen,4,bitter lemon,"
",other
Absolut Sex,1,absolut kurant,3/4 oz,other
Absolut Sex,2,melon liqueur,3/4 oz,liqueur
Absolut Sex,3,cranberry juice,1 oz,juice
Absolut Sex,4,sprite,1 splash,other
Absolut Stress #2,1,absolut vodka,1 1/2 oz,vodka
Absolut Stress #2,2,peach schnapps,1/2 oz,schnapps
Absolut Stress #2,3,coconut liqueur,1/2 oz,liqueur
Absolut Stress #2,4,cranberry juice,1 1/2 oz,juice
Absolut Stress #2,5,pineapple juice,1 1/2 oz,juice
Absolut Summertime,1,absolut citron,1 1/2 oz,other
Absolut Summertime,2,sweet and sour,3/4 oz,other
Absolut Summertime,3,sprite,1/2 oz,other
Absolut Summertime,4,soda water,3 oz,other
Absolut Summertime,5,lemon,1 slice,other
Absolut limousine,1,absolut citron,2/3,other
Absolut limousine,2,lime juice,1/3,juice
Absolut limousine,3,ice,Fill with,other
Absolut limousine,4,tonic water,Top it up with,other
Absolutely Cranberry Smash,1,absolut vodka,2 oz,vodka
Absolutely Cranberry Smash,2,cranberry juice,4 oz,juice
Absolutely Cranberry Smash,3,ginger ale,2 oz,other
Absolutely Cranberry Smash,4,ice,Add,other
Absolutely Fabulous,1,vodka,1 shot,vodka
Absolutely Fabulous,2,cranberry juice,2 shots,juice
Absolutely Fabulous,3,champagne,Top up with,other
Absolutly Screwed Up,1,absolut citron,1 shot,other
Absolutly Screwed Up,2,orange juice,1 shot,juice
Absolutly Screwed Up,3,triple sec,1 shot,other
Absolutly Screwed Up,4,ginger ale,Fill to top,other
Acapulco,1,light rum,1 1/2 oz,rum
Acapulco,2,triple sec,1 1/2 tsp,other
Acapulco,3,lime juice,1 tblsp,juice
Acapulco,4,sugar,1 tsp,other
Acapulco,5,egg white,1,other
Acapulco,6,mint,1,other
Ace,1,gin,2 shots,other
Ace,2,grenadine,1/2 shot,other
Ace,3,heavy cream,1/2 shot,cream
Ace,4,milk,1/2 shot,other
Ace,5,egg white,1/2 Fresh,other
Adam,1,dark rum,2 oz,rum
Adam,2,lemon juice,1 oz,juice
Adam,3,grenadine,1 tsp,other
Adam & Eve,1,gin,1 shot,other
Adam & Eve,2,cognac,1 shot,other
Adam & Eve,3,creme de cassis,1 shot,other
Adam & Eve,4,lemon juice,1/8 shot,juice
Adam Bomb,1,rum,1 part,rum
Adam Bomb,2,vodka,1 part,vodka
Adam Bomb,3,tequila,1 part,other
Adam Bomb,4,triple sec,1/2 part,other
Adam Bomb,5,fruit,"
",other
Adam Bomb,6,ice,"
",other
Adam Bomb,7,salt,1-3 pint,other
Adam Sunrise,1,vodka,1/2,vodka
Adam Sunrise,2,lemonade,1/2 can,other
Adam Sunrise,3,water,1/2,other
Adam Sunrise,4,sugar,10 tsp,other
Addington,1,sweet vermouth,2 shots,other
Addington,2,dry vermouth,1 shot,other
Addington,3,soda water,"Top up with
",other
Addison,1,gin,1 1/2 shot,other
Addison,2,vermouth,1 1/2 shot,other
Addison Special,1,vodka,1 shot,vodka
Addison Special,2,grenadine,1 tblsp,other
Addison Special,3,orange juice,Fill with,juice
Adios Amigos Cocktail,1,rum,1 shot,rum
Adios Amigos Cocktail,2,dry vermouth,1/2 shot,other
Adios Amigos Cocktail,3,cognac,1/2 shot,other
Adios Amigos Cocktail,4,gin,1/2 shot,other
Adios Amigos Cocktail,5,lime juice,1/4 shot,juice
Adios Amigos Cocktail,6,sugar syrup,1/4 shot,syrup
Adios Amigos Cocktail,7,water,1/2 shot,other
Adonis Cocktail,1,sweet vermouth,3/4 oz,other
Adonis Cocktail,2,sherry,1 1/2 oz dry,other
Adonis Cocktail,3,orange bitters,1 dash,other
Affair,1,strawberry schnapps,2 oz,schnapps
Affair,2,orange juice,2 oz,juice
Affair,3,cranberry juice,2 oz,juice
Affair,4,club soda,"
",other
Affinity,1,scotch,1 1/2 oz,other
Affinity,2,sweet vermouth,1 oz,other
Affinity,3,dry vermouth,1 oz,other
Affinity,4,orange bitters,2 dashes,other
After Dinner Cocktail,1,apricot brandy,1 oz,brandy
After Dinner Cocktail,2,triple sec,1 oz,other
After Dinner Cocktail,3,lime,Juice of 1,other
After Dinner Cocktail,4,lime,1,other
After Five,1,peppermint schnapps,"
",schnapps
After Five,2,kahlua,"
",other
After Five,3,irish cream,"
",cream
After Supper Cocktail,1,triple sec,1 oz,other
After Supper Cocktail,2,apricot brandy,1 oz,brandy
After Supper Cocktail,3,lemon juice,1/2 tsp,juice
After sex,1,vodka,2 cl,vodka
After sex,2,creme de banane,1 cl,other
After sex,3,orange juice,"
",juice
Afterglow,1,grenadine,1 part,other
Afterglow,2,orange juice,4 parts,juice
Afterglow,3,pineapple juice,4 parts,juice
Afternoon,1,kahlua,1 cl,other
Afternoon,2,irish cream,1 cl,cream
Afternoon,3,frangelico,1 1/2,other
Afternoon,4,coffee,4 cl hot,other
Afternoon,5,cream,"
",cream
Alabama Slammer,1,southern comfort,1 oz,other
Alabama Slammer,2,amaretto,1 oz,other
Alabama Slammer,3,sloe gin,1/2 oz,other
Alabama Slammer,4,lemon juice,1 dash,juice
Alaska Cocktail,1,orange bitters,2 dashes,other
Alaska Cocktail,2,gin,1 1/2 oz,other
Alaska Cocktail,3,yellow chartreuse,3/4 oz,other
Alaska Cocktail,4,lemon peel,Twist of,other
Alexander,1,gin,1/2 oz,other
Alexander,2,creme de cacao,1/2 oz white,other
Alexander,3,light cream,2 oz,cream
Alfie Cocktail,1,lemon vodka,1 1/2 oz,vodka
Alfie Cocktail,2,triple sec,1 dash,other
Alfie Cocktail,3,pineapple juice,1 tblsp,juice
Algonquin,1,blended whiskey,1 1/2 oz,other
Algonquin,2,dry vermouth,1 oz,other
Algonquin,3,pineapple juice,1 oz,juice
Alice Cocktail,1,grenadine,1 cl,other
Alice Cocktail,2,orange juice,1 cl,juice
Alice Cocktail,3,pineapple juice,2 cl,juice
Alice Cocktail,4,cream,4 cl,cream
Alice in Wonderland,1,amaretto,1 shot,other
Alice in Wonderland,2,grand marnier,1 shot,other
Alice in Wonderland,3,southern comfort,1 shot,other
Allegheny,1,dry vermouth,1 oz,other
Allegheny,2,bourbon,1 oz,other
Allegheny,3,blackberry brandy,1 1/2 tsp,brandy
Allegheny,4,lemon juice,1 1/2 tsp,juice
Allegheny,5,lemon peel,1 twist of,other
Allies Cocktail,1,dry vermouth,1 oz,other
Allies Cocktail,2,gin,1 oz,other
Allies Cocktail,3,kummel,1/2 tsp,other
Almeria,1,dark rum,2 oz,rum
Almeria,2,kahlua,1 oz,other
Almeria,3,egg white,1,other
Almond Chocolate Coffee,1,amaretto,3/4 oz,other
Almond Chocolate Coffee,2,dark creme de cacao,1/2 oz,other
Almond Chocolate Coffee,3,coffee,8 oz,other
Almond Joy,1,amaretto,1/2 oz,other
Almond Joy,2,creme de cacao,1/2 oz white,other
Almond Joy,3,light cream,2 oz,cream
Aloha Fruit punch,1,water,3/4 cup,other
Aloha Fruit punch,2,ginger,2 tsp,other
Aloha Fruit punch,3,guava juice,2 cups,juice
Aloha Fruit punch,4,lemon juice,1 1/2 tblsp,juice
Aloha Fruit punch,5,pineapple,1 1/2 cup,other
Aloha Fruit punch,6,sugar,1 cup,other
Aloha Fruit punch,7,pineapple juice,3-4 cups,juice
Amaretto And Cream,1,amaretto,1 1/2 oz,other
Amaretto And Cream,2,light cream,1 1/2 oz,cream
Amaretto Liqueur,1,sugar,1 cup,other
Amaretto Liqueur,10,food coloring,2 drops blue,other
Amaretto Liqueur,11,glycerine,1/2 tsp,other
Amaretto Liqueur,2,water,3/4 cup,other
Amaretto Liqueur,3,apricot,2,other
Amaretto Liqueur,4,almond flavoring,1 tblsp,other
Amaretto Liqueur,5,grain alcohol,1/2 cup pure,other
Amaretto Liqueur,6,water,1/2 cup,other
Amaretto Liqueur,7,brandy,1 cup,brandy
Amaretto Liqueur,8,food coloring,3 drops yellow,other
Amaretto Liqueur,9,food coloring,6 drops red,other
Amaretto Mist,1,amaretto,1 1/2 oz,other
Amaretto Mist,2,lime,1,other
Amaretto Rose,1,amaretto,1 1/2 oz,other
Amaretto Rose,2,lime juice,1/2 oz,juice
Amaretto Rose,3,club soda,"
",other
Amaretto Shake,1,chocolate ice-cream,2 scoops,chocolate
Amaretto Shake,2,brandy,2 oz,brandy
Amaretto Shake,3,amaretto,2 oz,other
Amaretto Sour,1,amaretto,1 1/2 oz,other
Amaretto Sour,2,sour mix,3 oz,other
Amaretto Stinger,1,amaretto,1 1/2 oz,other
Amaretto Stinger,2,white creme de menthe,3/4 oz,other
Amaretto Stone Sour,1,amaretto,1 part,other
Amaretto Stone Sour,2,sour mix,1 part,other
Amaretto Stone Sour,3,orange juice,1 part,juice
Amaretto Stone Sour #3,1,sour mix,2 oz,other
Amaretto Stone Sour #3,2,amaretto,2 oz,other
Amaretto Stone Sour #3,3,tequila,2 oz,other
Amaretto Stone Sour #3,4,orange juice,Add splash,juice
Amaretto Sunrise,1,amaretto,1 cl,other
Amaretto Sunrise,2,orange juice,4 oz,juice
Amaretto Sunrise,3,grenadine,1/4 cl,other
Amaretto Sunset,1,triple sec,1/2 jigger,other
Amaretto Sunset,2,amaretto,3 shots,other
Amaretto Sunset,3,cider,1/2 cup,other
Amaretto Sunset,4,ice,Add 1/2 cup,other
Amaretto Sweet & Sour,1,amaretto,"
",other
Amaretto Sweet & Sour,2,sweet and sour,"
",other
Amaretto Tea,1,tea,6 oz hot,other
Amaretto Tea,2,amaretto,2 oz,other
Amaretto Tea,3,whipped cream,Chilled,cream
Americano,1,campari,1 oz,other
Americano,2,sweet vermouth,1 oz red,other
Americano,3,lemon peel,Twist of,other
Americano,4,orange peel,Twist of,other
Angel Face,1,apricot brandy,1/2 oz,brandy
Angel Face,2,apple brandy,1/2 oz,brandy
Angel Face,3,gin,1 oz,other
Angelica Liqueur,1,angelica root,3 tblsp chopped,other
Angelica Liqueur,10,water,1/4 cup,other
Angelica Liqueur,11,food coloring,1 drop yellow,other
Angelica Liqueur,12,food coloring,1 drop green,other
Angelica Liqueur,2,almond,1 tblsp chopped,other
Angelica Liqueur,3,allspice,1 cracked,other
Angelica Liqueur,4,cinnamon,1 one-inch,other
Angelica Liqueur,5,anise,3-6 crushed,other
Angelica Liqueur,6,coriander,1/8 tsp powdered,other
Angelica Liqueur,7,marjoram leaves,1 tblsp fresh chopped,other
Angelica Liqueur,8,vodka,1.5 cup,vodka
Angelica Liqueur,9,sugar,1/2 cup granulated,other
Apello,1,orange juice,4 cl,juice
Apello,2,grapefruit juice,3 cl,juice
Apello,3,apple juice,1 cl,juice
Apello,4,maraschino cherry,1,other
Apple Berry Smoothie,1,berries,1 cup,other
Apple Berry Smoothie,2,apple,2,other
Apple Cider Punch #1,1,apple cider,4 qt,other
Apple Cider Punch #1,2,brown sugar,1 cup,other
Apple Cider Punch #1,3,lemonade,6 oz frozen,other
Apple Cider Punch #1,4,orange juice,6 oz frozen,juice
Apple Cider Punch #1,5,cloves,6 whole,other
Apple Cider Punch #1,6,allspice,6 whole,other
Apple Cider Punch #1,7,nutmeg,1 tsp ground,other
Apple Cider Punch #1,8,cinnamon,3 sticks,other
Apple Grande,1,tequila,3 oz,other
Apple Grande,2,apple cider,12 oz,other
Apple Karate,1,apple juice,2 cups,juice
Apple Karate,2,carrot,1 large,other
Apple Pie with A Crust,1,apple juice,3 parts,juice
Apple Pie with A Crust,2,malibu rum,1 part,rum
Apple Pie with A Crust,3,cinnamon,3 dashes,other
Apple Slammer,1,7-up,1 part,other
Apple Slammer,2,apple schnapps,1 part,schnapps
Applecar,1,applejack,1 oz,other
Applecar,2,triple sec,1 oz,other
Applecar,3,lemon juice,1 oz,juice
Applejack,1,jack daniels,1 oz,other
Applejack,2,melon liqueur,1/2 oz,liqueur
Applejack,3,sour mix,2 oz,other
Apricot Lady,1,light rum,1 1/2 oz,rum
Apricot Lady,2,apricot brandy,1 oz,brandy
Apricot Lady,3,triple sec,1 tsp,other
Apricot Lady,4,lemon juice,1/2 oz,juice
Apricot Lady,5,egg white,1,other
Apricot Lady,6,orange,1,other
Apricot punch,1,apricot brandy,1 qt,brandy
Apricot punch,2,champagne,4 fifth,other
Apricot punch,3,vodka,1 fifth,vodka
Apricot punch,4,7-up,4 L,other
Apricot punch,5,orange juice,1/2 gal,juice
Archbishop,1,gin,2 oz,other
Archbishop,2,wine,1 oz Green Ginger,other
Archbishop,3,benedictine,1 tsp,other
Archbishop,4,lime,1,other
Arctic Fish,1,vodka,1/3 part,vodka
Arctic Fish,2,grape soda,1/3 part,other
Arctic Fish,3,orange juice,1/3 part,juice
Arctic Fish,4,ice,lots,other
Arctic Fish,5,candy,1 dash,other
Arctic Mouthwash,1,maui,5 oz blue,other
Arctic Mouthwash,2,mountain dew,5 oz,other
Arctic Mouthwash,3,ice,"cubes
",other
Arise My Love,1,champagne,Chilled,other
Arise My Love,2,green creme de menthe,1 tsp,other
Arizona Antifreeze,1,vodka,1/3 oz,vodka
Arizona Antifreeze,2,melon liqueur,1/3 oz,liqueur
Arizona Antifreeze,3,sweet and sour,1/3 oz,other
Arizona Stingers,1,absolut vodka,2 shots,vodka
Arizona Stingers,2,iced tea,12 oz lemon,other
Arizona Twister,1,vodka,1 shot,vodka
Arizona Twister,2,malibu rum,1 shot,rum
Arizona Twister,3,gold tequila,1 shot,other
Arizona Twister,4,orange juice,1 splash,juice
Arizona Twister,5,pineapple juice,1 splash,juice
Arizona Twister,6,cream of coconut,1 splash,cream
Arizona Twister,7,grenadine,1 dash,other
Arizona Twister,8,ice,crushed,other
Arizona Twister,9,pineapple,1 wedge,other
Army special,1,vodka,30 ml,vodka
Army special,2,gin,30 ml,other
Army special,3,lime juice cordial,45 ml,juice
Army special,4,ice,1/2 glass crushed,other
Arthur Tompkins,1,gin,2 oz,other
Arthur Tompkins,2,grand marnier,1/2 oz,other
Arthur Tompkins,3,lemon juice,2 tsp,juice
Arthur Tompkins,4,lemon peel,1 twist of,other
Artillery,1,sweet vermouth,1 1/2 tsp,other
Artillery,2,gin,1 1/2 oz,other
Artillery,3,bitters,2 dashes,other
Artillery Punch,1,tea,1 quart black,other
Artillery Punch,2,rye whiskey,1 quart,other
Artillery Punch,3,red wine,1 fifth,other
Artillery Punch,4,rum,1 pint Jamaican,rum
Artillery Punch,5,brandy,1/2 pint,brandy
Artillery Punch,6,benedictine,1 1/2 oz,other
Artillery Punch,7,orange juice,1 pint,juice
Artillery Punch,8,lemon juice,1/2 pint,juice
Atlantic Sun,1,vodka,2 cl Smirnoff,vodka
Atlantic Sun,2,southern comfort,2 cl,other
Atlantic Sun,3,passion fruit syrup,2 cl,syrup
Atlantic Sun,4,sweet and sour,6 cl,other
Atlantic Sun,5,club soda,1 dash,other
Atomic Lokade,1,lemonade,5 oz,other
Atomic Lokade,2,vodka,1 oz,vodka
Atomic Lokade,3,blue curacao,1/2 oz,other
Atomic Lokade,4,triple sec,1/2 oz,other
Atomic Lokade,5,sugar,"
",other
Auburn Headbanger,1,jägermeister,1 oz,other
Auburn Headbanger,2,goldschlager,1 oz,other
Autodafé,1,vodka,4 cl,vodka
Autodafé,2,lime juice,1 dash,juice
Autodafé,3,soda water,"
",other
Avalanche,1,crown royal,1 shot,other
Avalanche,2,kahlua,1 shot,other
Avalanche,3,cream,Fill with,cream
Avalon,1,vodka,3 parts,vodka
Avalon,2,pisang ambon,1 part,other
Avalon,3,apple juice,6 parts,juice
Avalon,4,lemon juice,1 1/2 part,juice
Avalon,5,lemonade,"
",other
Aviation,1,gin,4.5 cl,other
Aviation,2,lemon juice,1.5 cl,juice
Aviation,3,maraschino liqueur,1.5 cl,liqueur
Aztec Punch,1,lemonade,1 can,other
Aztec Punch,2,vodka,5 oz,vodka
Aztec Punch,3,rum,7 oz,rum
Aztec Punch,4,ginger ale,About 1 bottle,other
B-52,1,irish cream,1/3,cream
B-52,2,grand marnier,1/3,other
B-52,3,kahlua,1/4,other
B-53,1,kahlua,1/3 shot,other
B-53,2,sambuca,1/3 shot,other
B-53,3,grand marnier,1/3 shot,other
Baby Eskimo,1,kahlua,2 oz,other
Baby Eskimo,2,milk,8 oz,other
Baby Eskimo,3,vanilla ice-cream,2 scoops,other
Baby Guinness,1,kahlua,2 1/2 oz,other
Baby Guinness,2,irish cream,1/2 oz,cream
Bacardi Cocktail,1,light rum,1 3/4 oz Bacardi,rum
Bacardi Cocktail,2,lime juice,1 oz,juice
Bacardi Cocktail,3,sugar syrup,1/2 tsp,syrup
Bacardi Cocktail,4,grenadine,1 dash,other
Bailey's Dream Shake,1,irish cream,2 oz,cream
Bailey's Dream Shake,2,vanilla ice-cream,2 scoops,other
Bailey's Dream Shake,3,cream,"
",cream
Balmoral,1,scotch,1 1/2 oz,other
Balmoral,2,sweet vermouth,1/2 oz,other
Balmoral,3,dry vermouth,1/2 oz,other
Balmoral,4,bitters,2 dashes,other
Banana Cantaloupe Smoothie,1,cantaloupe,Juice of 1/2,other
Banana Cantaloupe Smoothie,2,banana,1,other
Banana Daiquiri,1,light rum,1 1/2 oz,rum
Banana Daiquiri,2,triple sec,1 tblsp,other
Banana Daiquiri,3,banana,1,other
Banana Daiquiri,4,lime juice,1 1/2 oz,juice
Banana Daiquiri,5,sugar,1 tsp,other
Banana Daiquiri,6,cherry,1,other
Banana Milk Shake,1,milk,10 cl cold,other
Banana Milk Shake,2,orange juice,4 cl,juice
Banana Milk Shake,3,sugar syrup,2 tsp,syrup
Banana Milk Shake,4,banana,1/2,other
Banana Strawberry Shake,1,strawberries,1/2 lb frozen,other
Banana Strawberry Shake,2,banana,1 frozen,other
Banana Strawberry Shake,3,yoghurt,1 cup plain,other
Banana Strawberry Shake,4,milk,1 cup,other
Banana Strawberry Shake,5,honey,"to taste
",other
Banana Strawberry Shake Daiquiri-type,1,strawberries,1/2 lb frozen,other
Banana Strawberry Shake Daiquiri-type,2,banana,1 frozen,other
Banana Strawberry Shake Daiquiri-type,3,apple juice,2 cups fresh,juice
Barracuda,1,rum,4.5 cl,rum
Barracuda,2,galliano,1.5 cl,other
Barracuda,3,pineapple juice,6 cl,juice
Barracuda,4,lime juice,1 dash,juice
Barracuda,5,prosecco,top up,other
Belgian Blue,1,vodka,2 cl,vodka
Belgian Blue,2,coconut liqueur,1 cl,liqueur
Belgian Blue,3,blue curacao,1 cl,other
Belgian Blue,4,sprite,Fill with,other
Bellini,1,champagne,6 oz,other
Bellini,2,peach schnapps,1 oz,schnapps
Bellini Martini,1,ice,8 cubes,other
Bellini Martini,2,vodka,3 oz,vodka
Bellini Martini,3,peach nectar,1.5 oz,other
Bellini Martini,4,peach schnapps,1.5 oz,schnapps
Bellini Martini,5,lemon peel,1,other
Bermuda Highball,1,brandy,3/4 oz,brandy
Bermuda Highball,2,gin,3/4 oz,other
Bermuda Highball,3,dry vermouth,3/4 oz,other
Bermuda Highball,4,carbonated water,"
",other
Bermuda Highball,5,lemon peel,"
",other
Berry Deadly,1,everclear,2 pint,other
Berry Deadly,2,wine,1 bottle Boone Strawberry Hill,other
Berry Deadly,3,orange juice,1/2 gal,juice
Berry Deadly,4,kool-aid,1 gal Tropical Berry,other
Between The Sheets,1,brandy,1 oz,brandy
Between The Sheets,2,light rum,1 oz,rum
Between The Sheets,3,triple sec,1 oz,other
Between The Sheets,4,lemon juice,1 oz,juice
Bible Belt,1,southern comfort,2 oz,other
Bible Belt,2,triple sec,1/2 oz,other
Bible Belt,3,lime,2 wedges,other
Bible Belt,4,sour mix,2 oz,other
Big Red,1,irish cream,1/2 oz,cream
Big Red,2,goldschlager,1/2 oz,other
Black & Tan,1,ale,1 part Bass pale,other
Black & Tan,2,guinness stout,1 part,other
Black Forest Shake,1,ice,"cubes
",other
Black Forest Shake,2,chocolate syrup,"
",syrup
Black Forest Shake,3,cherry brandy,"
",brandy
Black Forest Shake,4,vodka,"
",vodka
Black Forest Shake,5,milk,"
",other
Black Russian,1,coffee liqueur,3/4 oz,liqueur
Black Russian,2,vodka,1 1/2 oz,vodka
Black and Brown,1,guinness stout,1/2,other
Black and Brown,2,root beer,1/2,other
Blackthorn,1,sweet vermouth,1 oz,other
Blackthorn,2,sloe gin,1 1/2 oz,other
Blackthorn,3,lemon peel,1 twist of,other
Bleeding Surgeon,1,dark rum,1 shot,rum
Bleeding Surgeon,2,orange,1 slice,other
Bleeding Surgeon,3,surge,1/2 glass,other
Bleeding Surgeon,4,cranberry juice,1/2 glass,juice
Blind Russian,1,irish cream,3/4 oz,cream
Blind Russian,2,godiva liqueur,3/4 oz,liqueur
Blind Russian,3,kahlua,3/4 oz,other
Blind Russian,4,butterscotch schnapps,1/2 oz,schnapps
Blind Russian,5,milk,"to fill
",other
Bloody Maria,1,tequila,1 oz,other
Bloody Maria,2,tomato juice,2 oz,juice
Bloody Maria,3,lemon juice,1 dash,juice
Bloody Maria,4,tabasco sauce,1 dash,other
Bloody Maria,5,celery salt,1 dash,other
Bloody Maria,6,lemon,1 slice,other
Bloody Mary,1,vodka,1 1/2 oz,vodka
Bloody Mary,2,tomato juice,3 oz,juice
Bloody Mary,3,lemon juice,1 dash,juice
Bloody Mary,4,worcestershire sauce,1/2 tsp,other
Bloody Mary,5,tabasco sauce,2-3 drops,other
Bloody Mary,6,lime,1 wedge,other
Blue Lagoon,1,vodka,1 oz,vodka
Blue Lagoon,2,blue curacao,1 oz,other
Blue Lagoon,3,lemonade,"
",other
Blue Lagoon,4,cherry,"
",other
Blue Margarita,1,tequila,1 1/2 oz,other
Blue Margarita,2,blue curacao,1 oz,other
Blue Margarita,3,lime juice,1 oz,juice
Blue Margarita,4,salt,Coarse,other
Blue Mountain,1,añejo rum,1 1/2 oz,rum
Blue Mountain,2,tia maria,1/2 oz,other
Blue Mountain,3,vodka,1/2 oz,vodka
Blue Mountain,4,orange juice,1 oz,juice
Blue Mountain,5,lemon juice,1 tsp,juice
Bluebird,1,gin,1 1/2 oz,other
Bluebird,2,triple sec,1/2 oz,other
Bluebird,3,blue curacao,1/2 oz,other
Bluebird,4,bitters,2 dashes,other
Bluebird,5,maraschino cherry,1,other
Bluebird,6,lemon peel,1 twist of,other
Bob Marley,1,melon liqueur,1/2 oz,liqueur
Bob Marley,2,jägermeister,1/2 oz,other
Bob Marley,3,goldschlager,1/2 oz,other
Bobby Burns Cocktail,1,sweet vermouth,1 1/2 oz,other
Bobby Burns Cocktail,2,scotch,1 1/2 oz,other
Bobby Burns Cocktail,3,benedictine,1 1/4 tsp,other
Bobby Burns Cocktail,4,lemon peel,1 twist of,other
Boomerang,1,gin,2 oz,other
Boomerang,2,dry vermouth,1/2 oz,other
Boomerang,3,bitters,2 dashes,other
Boomerang,4,maraschino liqueur,1/2 tsp,liqueur
Boomerang,5,maraschino cherry,1,other
Boozy Snickers Milkshake,1,vanilla ice-cream,3 cups,other
Boozy Snickers Milkshake,2,milk,1 cup,other
Boozy Snickers Milkshake,3,godiva liqueur,1/2 cup,liqueur
Boozy Snickers Milkshake,4,whipped cream,for topping,cream
Boozy Snickers Milkshake,5,caramel sauce,"4 tablespoons
",other
Boozy Snickers Milkshake,6,chocolate sauce,"4 tablespoons
",chocolate
Boozy Snickers Milkshake,7,mini-snickers bars,"15
",other
Bora Bora,1,pineapple juice,10 cl,juice
Bora Bora,2,passion fruit juice,6 cl,juice
Bora Bora,3,lemon juice,1 cl,juice
Bora Bora,4,grenadine,1 cl,other
Boston Sidecar,1,light rum,3/4 oz,rum
Boston Sidecar,2,brandy,3/4 oz,brandy
Boston Sidecar,3,triple sec,3/4 oz,other
Boston Sidecar,4,lime,Juice of 1/2,other
Boston Sour,1,blended whiskey,2 oz,other
Boston Sour,2,lemon,Juice of 1/2,other
Boston Sour,3,powdered sugar,1 tsp,other
Boston Sour,4,egg white,1,other
Boston Sour,5,lemon,1 slice,other
Boston Sour,6,cherry,1,other
Bourbon Sling,1,sugar,1 tsp superfine,other
Bourbon Sling,2,water,2 tsp,other
Bourbon Sling,3,lemon juice,1 oz,juice
Bourbon Sling,4,bourbon,2 oz,other
Bourbon Sling,5,lemon peel,1 twist of,other
Bourbon Sour,1,bourbon,2 oz,other
Bourbon Sour,2,lemon juice,1 oz,juice
Bourbon Sour,3,sugar,1/2 tsp superfine,other
Bourbon Sour,4,orange,1,other
Bourbon Sour,5,maraschino cherry,1,other
Boxcar,1,gin,1 1/2 oz,other
Boxcar,2,triple sec,1 oz,other
Boxcar,3,lemon juice,1 tsp,juice
Boxcar,4,grenadine,1/2 tsp,other
Boxcar,5,egg white,1,other
Brain Fart,1,everclear,1 fifth,other
Brain Fart,2,vodka,1 fifth Smirnoff red label,vodka
Brain Fart,3,mountain dew,2 L,other
Brain Fart,4,surge,2 L,other
Brain Fart,5,lemon juice,1 small bottle,juice
Brain Fart,6,rum,1 pint,rum
Brainteaser,1,sambuca,30 ml white,other
Brainteaser,2,erin cream,30 ml,cream
Brainteaser,3,advocaat,5 ml,other
Bramble,1,gin,4 cl,other
Bramble,2,lemon juice,1.5 cl,juice
Bramble,3,sugar syrup,1 cl,syrup
Bramble,4,creme de mure,1.5 cl,other
Brandon and Will's Coke Float,1,vanilla ice-cream,2 scoops,other
Brandon and Will's Coke Float,2,coca-cola,1 can,other
Brandon and Will's Coke Float,3,bourbon,2 oz,other
Brandy Alexander,1,brandy,1 oz,brandy
Brandy Alexander,2,creme de cacao,1 oz white,other
Brandy Alexander,3,light cream,1 oz,cream
Brandy Alexander,4,nutmeg,"
",other
Brandy Cobbler,1,sugar,1 tsp superfine,other
Brandy Cobbler,2,club soda,3 oz,other
Brandy Cobbler,3,lemon,1,other
Brandy Cobbler,4,brandy,2 oz,brandy
Brandy Cobbler,5,maraschino cherry,1,other
Brandy Cobbler,6,orange,1,other
Brandy Flip,1,brandy,2 oz,brandy
Brandy Flip,2,egg,1 whole,other
Brandy Flip,3,sugar,1 tsp superfine,other
Brandy Flip,4,light cream,1/2 oz,cream
Brandy Flip,5,nutmeg,1/8 tsp grated,other
Brandy Sour,1,brandy,2 oz,brandy
Brandy Sour,2,lemon,Juice of 1/2,other
Brandy Sour,3,powdered sugar,1/2 tsp,other
Brandy Sour,4,lemon,1/2 slice,other
Brandy Sour,5,cherry,1,other
Brave Bull Shooter,1,tequila,1/2 oz,other
Brave Bull Shooter,2,tabasco sauce,1/2 oz,other
Bruce's Puce,1,grenadine,"
",other
Bruce's Puce,2,kahlua,"
",other
Bruce's Puce,3,irish cream,"
",cream
Bruised Heart,1,vodka,1/2 oz,vodka
Bruised Heart,2,raspberry liqueur,1/2 oz,liqueur
Bruised Heart,3,peach schnapps,1/2 oz,schnapps
Bruised Heart,4,cranberry juice,1/2 oz,juice
Bubble Gum,1,vodka,1/4,vodka
Bubble Gum,2,banana liqueur,1/4,liqueur
Bubble Gum,3,orange juice,1/4,juice
Bubble Gum,4,peach schnapps,1/4,schnapps
Buccaneer,1,corona,1,other
Buccaneer,2,bacardi limon,1 shot,other
Bumble Bee #1,1,irish cream,1/3 oz,cream
Bumble Bee #1,2,kahlua,1/3 oz,other
Bumble Bee #1,3,sambuca,1/3 oz,other
Butter Baby,1,vanilla ice-cream,2 scoops,other
Butter Baby,2,butterscotch schnapps,1 part,schnapps
Butter Baby,3,milk,full glass,other
Butter Baby,4,vodka,2 parts,vodka
Cafe Savoy,1,coffee,"
",other
Cafe Savoy,2,milk,1/2 oz,other
Cafe Savoy,3,triple sec,1/2 oz,other
Caipirinha,1,sugar,2 tsp,other
Caipirinha,2,lime,1,other
Caipirinha,3,cachaca,2 1/2 oz,other
Caipirissima,1,lime,2,other
Caipirissima,2,sugar,2 tblsp,other
Caipirissima,3,white rum,2-3 oz,rum
Caipirissima,4,ice,crushed,other
California Lemonade,1,blended whiskey,2 oz,other
California Lemonade,2,lemon,Juice of 1,other
California Lemonade,3,lime,Juice of 1,other
California Lemonade,4,powdered sugar,1 tblsp,other
California Lemonade,5,grenadine,1/4 tsp,other
California Lemonade,6,carbonated water,"
",other
California Root Beer,1,kahlua,3/4 oz,other
California Root Beer,2,galliano,3/4 oz,other
California Root Beer,3,soda water,Fill with,other
Campari Beer,1,lager,1 bottle,other
Campari Beer,2,campari,1 1/2 cl,other
Caribbean Boilermaker,1,corona,1 bottle,other
Caribbean Boilermaker,2,light rum,1 shot,rum
Caribbean Orange Liqueur,1,orange,3 large,other
Caribbean Orange Liqueur,2,vodka,3 cups,vodka
Caribbean Orange Liqueur,3,sugar,1 1/3 cup superfine,other
Casino,1,gin,2 oz,other
Casino,2,maraschino liqueur,1/4 tsp,liqueur
Casino,3,lemon juice,1/4 tsp,juice
Casino,4,orange bitters,2 dashes,other
Casino,5,cherry,1,other
Casino Royale,1,gin,2 oz,other
Casino Royale,2,lemon juice,1/2 oz,juice
Casino Royale,3,maraschino liqueur,1 tsp,liqueur
Casino Royale,4,orange bitters,1 dash,other
Casino Royale,5,egg yolk,1,other
Castillian Hot Chocolate,1,cocoa powder,1/2 cup,other
Castillian Hot Chocolate,2,sugar,1 cup,other
Castillian Hot Chocolate,3,cornstarch,7 tsp,other
Castillian Hot Chocolate,4,water,1/2 cup,other
Castillian Hot Chocolate,5,milk,1 qt,other
Champagne Cocktail,1,champagne,Chilled,other
Champagne Cocktail,2,sugar,1 piece,other
Champagne Cocktail,3,bitters,2 dashes,other
Champagne Cocktail,4,lemon peel,1 twist of,other
Champagne Cocktail,5,cognac,1 dash,other
Cherry Electric Lemonade,1,gin,1 oz,other
Cherry Electric Lemonade,2,tequila,1 oz,other
Cherry Electric Lemonade,3,vodka,1 oz,vodka
Cherry Electric Lemonade,4,white rum,1 oz,rum
Cherry Electric Lemonade,5,triple sec,1 oz,other
Cherry Electric Lemonade,6,cherry grenadine,1 oz,other
Cherry Electric Lemonade,7,sweet and sour,1 oz,other
Cherry Electric Lemonade,8,club soda,3 oz,other
Cherry Rum,1,light rum,1 1/4 oz,rum
Cherry Rum,2,cherry brandy,1 1/2 tsp,brandy
Cherry Rum,3,light cream,1 tblsp,cream
Chicago Fizz,1,light rum,1 oz,rum
Chicago Fizz,2,port,1 oz,other
Chicago Fizz,3,lemon,Juice of 1/2,other
Chicago Fizz,4,powdered sugar,1 tsp,other
Chicago Fizz,5,egg white,1,other
Chicago Fizz,6,carbonated water,"
",other
Chocolate Beverage,1,milk,6 cups,other
Chocolate Beverage,2,chocolate,3 oz Mexican,chocolate
Chocolate Beverage,3,cinnamon,1 tsp powdered,other
Chocolate Beverage,4,egg,3,other
Chocolate Black Russian,1,kahlua,1 oz,other
Chocolate Black Russian,2,vodka,1/2 oz,vodka
Chocolate Black Russian,3,chocolate ice-cream,5 oz,chocolate
Chocolate Drink,1,chocolate,125 gr,chocolate
Chocolate Drink,2,milk,3/4 L,other
Chocolate Milk,1,chocolate liqueur,1/2 shot,liqueur
Chocolate Milk,2,milk,1/2 shot,other
Chocolate Milk,3,amaretto,1 dash,other
Chocolate Monkey,1,banana liqueur,1 shot,liqueur
Chocolate Monkey,2,creme de cacao,2 shots,other
Chocolate Monkey,3,chocolate ice-cream,2 scoops,chocolate
Chocolate Monkey,4,chocolate syrup,1 oz,syrup
Chocolate Monkey,5,chocolate milk,4 oz,chocolate
Chocolate Monkey,6,whipped cream,1,cream
Chocolate Monkey,7,cherry,1,other
Chocolate Monkey,8,banana,1 piece,other
Citrus Coke,1,bacardi limon,1 part,other
Citrus Coke,2,coca-cola,2 parts,other
City Slicker,1,brandy,2 oz,brandy
City Slicker,2,triple sec,1/2 oz,other
City Slicker,3,lemon juice,1 tblsp,juice
Classic Old-Fashioned,1,bitters,3 dashes,other
Classic Old-Fashioned,2,water,1 tsp,other
Classic Old-Fashioned,3,sugar,1,other
Classic Old-Fashioned,4,bourbon,3 oz,other
Classic Old-Fashioned,5,orange,1,other
Classic Old-Fashioned,6,maraschino cherry,1,other
Clove Cocktail,1,sweet vermouth,1 oz,other
Clove Cocktail,2,sloe gin,1/2 oz,other
Clove Cocktail,3,wine,1/2 oz Muscatel,other
Clover Club,1,gin,1 1/2 oz,other
Clover Club,2,grenadine,2 tsp,other
Clover Club,3,lemon,Juice of 1/2,other
Clover Club,4,egg white,1,other
Coffee Liqueur,1,coffee,10 tblsp instant,other
Coffee Liqueur,2,vanilla extract,4 tblsp,other
Coffee Liqueur,3,sugar,2 1/2 cups,other
Coffee Liqueur,4,vodka,1 qt,vodka
Coffee Liqueur,5,water,2 1/2 cups,other
Coffee-Vodka,1,water,2 cups,other
Coffee-Vodka,2,sugar,2 cups white,other
Coffee-Vodka,3,coffee,1/2 cup instant,other
Coffee-Vodka,4,vanilla,1/2,other
Coffee-Vodka,5,vodka,1 1/2 cup,vodka
Coffee-Vodka,6,caramel coloring,"
",other
Coke and Drops,1,coca-cola,1 dl,other
Coke and Drops,2,lemon juice,7 drops,juice
Cosmopolitan,1,absolut citron,1 1/4 oz,other
Cosmopolitan,2,lime juice,1/4 oz,juice
Cosmopolitan,3,cointreau,1/4 oz,other
Cosmopolitan,4,cranberry juice,1/4 cup,juice
Cosmopolitan Martini,1,cointreau,1/2 oz,other
Cosmopolitan Martini,2,vodka,1 oz,vodka
Cosmopolitan Martini,3,lime,Juice of 1/2,other
Cosmopolitan Martini,4,cranberry juice,1 splash,juice
Cranberry Cordial,1,cranberries,1/2 kg chopped,other
Cranberry Cordial,2,sugar,3/4 L,other
Cranberry Cordial,3,light rum,1/2 L,rum
Cranberry Punch,1,cranberry juice,4 cups,juice
Cranberry Punch,2,sugar,1 1/2 cup,other
Cranberry Punch,3,pineapple juice,4 cups,juice
Cranberry Punch,4,almond flavoring,1 tblsp,other
Cranberry Punch,5,ginger ale,2 qt,other
Cream Soda,1,spiced rum,1 oz,rum
Cream Soda,2,ginger ale,"
",other
Creme de Menthe,1,sugar,8 cups,other
Creme de Menthe,2,water,6 cups,other
Creme de Menthe,3,grain alcohol,1 pint,other
Creme de Menthe,4,peppermint extract,1 oz pure,other
Creme de Menthe,5,food coloring,1 tblsp green,other
Cuba Libra,1,dark rum,1-2 shot,rum
Cuba Libra,2,lime,Squeeze,other
Cuba Libra,3,coca-cola,Fill with,other
Cuba Libra,4,ice,"
",other
Cuba Libre,1,light rum,2 oz,rum
Cuba Libre,2,lime,Juice of 1/2,other
Daiquiri,1,light rum,1 1/2 oz,rum
Daiquiri,2,lime,Juice of 1/2,other
Daiquiri,3,powdered sugar,1 tsp,other
Damned if you do,1,whiskey,0.75 oz,other
Damned if you do,2,hot damn,0.25 oz,other
Danbooka,1,coffee,3 parts,other
Danbooka,2,everclear,1 part,other
Dark Caipirinha,1,demerara sugar,2 tsp,other
Dark Caipirinha,2,lime,1,other
Dark Caipirinha,3,cachaca,2 1/2 oz,other
Dark and Stormy,1,dark rum,5 cl,rum
Dark and Stormy,2,ginger beer,10 cl,other
Darkwood Sling,1,cherry heering,1 part,other
Darkwood Sling,2,soda water,1 part,other
Darkwood Sling,3,orange juice,1 part,juice
Darkwood Sling,4,ice,"cubes
",other
Derby,1,gin,6 cl,other
Derby,2,peach bitters,2 dashes,other
Derby,3,mint,2 Fresh leaves,other
Diesel,1,lager,1/2 pint,other
Diesel,2,cider,1/2 pint,other
Diesel,3,blackcurrant cordial,1 dash,other
Dirty Martini,1,vodka,70ml/2fl oz,vodka
Dirty Martini,2,dry vermouth,1 tbsp,other
Dirty Martini,3,olive brine,2 tbsp,other
Dirty Martini,4,lemon,1 wedge,other
Dirty Martini,5,olive,1,other
Dirty Nipple,1,kahlua,"
",other
Dirty Nipple,2,sambuca,"
",other
Dirty Nipple,3,irish cream,"
",cream
Downshift,1,fruit punch,2 part,other
Downshift,2,sprite,1 part,other
Downshift,3,tequila,2 shots,other
Downshift,4,151 proof rum,Float Bacardi,rum
Dragonfly,1,gin,1 1/2 oz,other
Dragonfly,2,ginger ale,4 oz,other
Dragonfly,3,lime,1,other
Drinking Chocolate,1,heavy cream,2 oz,cream
Drinking Chocolate,2,milk,6-8 oz,other
Drinking Chocolate,3,cinnamon,1 stick,other
Drinking Chocolate,4,vanilla,1,other
Drinking Chocolate,5,chocolate,2 oz finely chopped dark,chocolate
Drinking Chocolate,6,whipped cream,Fresh,cream
Dry Rob Roy,1,scotch,2 1/2 oz,other
Dry Rob Roy,2,dry vermouth,1 1/2 tsp,other
Dry Rob Roy,3,lemon peel,1 twist of,other
Dubonnet Cocktail,1,dubonnet rouge,1 1/2 oz,other
Dubonnet Cocktail,2,gin,3/4 oz,other
Dubonnet Cocktail,3,bitters,1 dash,other
Dubonnet Cocktail,4,lemon peel,1 twist of,other
Duchamp's Punch,1,pisco,5 cl,other
Duchamp's Punch,2,lime juice,2.5 cl,juice
Duchamp's Punch,3,pineapple syrup,2.5 cl,syrup
Duchamp's Punch,4,st. germain,1.5 cl,other
Duchamp's Punch,5,angostura bitters,2 Dashes,other
Duchamp's Punch,6,pepper,Pinch,other
Duchamp's Punch,7,lavender,2 sprigs,other
Egg Cream,1,chocolate syrup,2 tblsp,syrup
Egg Cream,2,milk,6 oz whole,other
Egg Cream,3,soda water,6 oz,other
Egg Nog #4,1,egg yolk,6,other
Egg Nog #4,10,sugar,1/4 cup,other
Egg Nog #4,11,nutmeg,Ground,other
Egg Nog #4,2,sugar,1/4 cup,other
Egg Nog #4,3,milk,2 cups,other
Egg Nog #4,4,light rum,1/2 cup,rum
Egg Nog #4,5,bourbon,1/2 cup,other
Egg Nog #4,6,vanilla extract,1 tsp,other
Egg Nog #4,7,salt,1/4 tsp,other
Egg Nog #4,8,whipped cream,1 cup,cream
Egg Nog #4,9,egg white,6,other
Egg Nog - Healthy,1,egg,1/2 cup,other
Egg Nog - Healthy,2,sugar,3 tblsp,other
Egg Nog - Healthy,3,condensed milk,13 oz skimmed,other
Egg Nog - Healthy,4,milk,3/4 cup skimmed,other
Egg Nog - Healthy,5,vanilla extract,1 tsp,other
Egg Nog - Healthy,6,rum,1 tsp,rum
Egg Nog - Healthy,7,nutmeg,"
",other
Egg-Nog - Classic Cooked,1,egg,6,other
Egg-Nog - Classic Cooked,2,sugar,1/4 cup,other
Egg-Nog - Classic Cooked,3,salt,1/4 tsp,other
Egg-Nog - Classic Cooked,4,milk,1 qt,other
Egg-Nog - Classic Cooked,5,vanilla extract,1 tsp,other
English Highball,1,brandy,3/4 oz,brandy
English Highball,2,gin,3/4 oz,other
English Highball,3,sweet vermouth,3/4 oz,other
English Highball,4,carbonated water,"
",other
English Highball,5,lemon peel,"
",other
English Rose Cocktail,1,apricot brandy,3/4 oz,brandy
English Rose Cocktail,2,gin,1 1/2 oz,other
English Rose Cocktail,3,dry vermouth,3/4 oz,other
English Rose Cocktail,4,grenadine,1 tsp,other
English Rose Cocktail,5,lemon juice,1/4 tsp,juice
English Rose Cocktail,6,cherry,1,other
Espresso Martini,1,vodka,5 cl,vodka
Espresso Martini,2,kahlua,1 cl,other
Espresso Martini,3,sugar syrup,1 dash,syrup
Fahrenheit 5000,1,firewater,1/2 oz,other
Fahrenheit 5000,2,absolut peppar,1/2 oz,other
Fahrenheit 5000,3,tabasco sauce,1 dash,other
Flaming Dr. Pepper,1,amaretto,1 oz,other
Flaming Dr. Pepper,2,vodka,1 oz,vodka
Flaming Dr. Pepper,3,151 proof rum,1 oz Bacardi,rum
Flaming Dr. Pepper,4,dr. pepper,1 oz,other
Flaming Dr. Pepper,5,beer,1 oz,other
Flaming Lamborghini,1,kahlua,1 oz,other
Flaming Lamborghini,2,sambuca,1 oz,other
Flaming Lamborghini,3,blue curacao,1 oz,other
Flaming Lamborghini,4,irish cream,1 oz,cream
Flander's Flake-Out,1,sambuca,1/4 glass,other
Flander's Flake-Out,2,sarsaparilla,3/4 glass,other
Flying Dutchman,1,gin,2 oz,other
Flying Dutchman,2,triple sec,1/2 oz,other
Flying Scotchman,1,scotch,1 oz,other
Flying Scotchman,2,sweet vermouth,1 oz,other
Flying Scotchman,3,bitters,1 dash,other
Flying Scotchman,4,sugar syrup,1/4 tsp,syrup
Foxy Lady,1,amaretto,1/2 oz,other
Foxy Lady,2,creme de cacao,1/2 oz,other
Foxy Lady,3,light cream,2 oz,cream
Frappé,1,coffee,1/2 cup black,other
Frappé,2,milk,1/2 cup,other
Frappé,3,sugar,1-2 tsp,other
Freddy Kruger,1,jägermeister,1/2 oz,other
Freddy Kruger,2,sambuca,1/2 oz,other
Freddy Kruger,3,vodka,1/2 oz,vodka
"French ""75""",1,gin,1 1/2 oz,other
"French ""75""",2,sugar,2 tsp superfine,other
"French ""75""",3,lemon juice,1 1/2 oz,juice
"French ""75""",4,champagne,4 oz Chilled,other
"French ""75""",5,orange,1,other
"French ""75""",6,maraschino cherry,1,other
French 75,1,gin,1 1/2 oz,other
French 75,2,sugar,2 tsp superfine,other
French 75,3,lemon juice,1 1/2 oz,juice
French 75,4,champagne,4 oz Chilled,other
French 75,5,orange,1,other
French 75,6,maraschino cherry,1,other
French Connection,1,cognac,1 1/2 oz,other
French Connection,2,amaretto,3/4 oz,other
French Martini,1,vodka,4.5 cl,vodka
French Martini,2,raspberry liqueur,1.5 cl,liqueur
French Martini,3,pineapple juice,1.5 cl,juice
Frisco Sour,1,blended whiskey,2 oz,other
Frisco Sour,2,benedictine,1/2 oz,other
Frisco Sour,3,lemon,Juice of 1/4,other
Frisco Sour,4,lime,Juice of 1/2,other
Frisco Sour,5,lemon,1 slice,other
Frisco Sour,6,lime,1 slice,other
Frozen Daiquiri,1,light rum,1 1/2 oz,rum
Frozen Daiquiri,2,triple sec,1 tblsp,other
Frozen Daiquiri,3,lime juice,1 1/2 oz,juice
Frozen Daiquiri,4,sugar,1 tsp,other
Frozen Daiquiri,5,cherry,1,other
Frozen Daiquiri,6,ice,1 cup crushed,other
Frozen Mint Daiquiri,1,light rum,2 oz,rum
Frozen Mint Daiquiri,2,lime juice,1 tblsp,juice
Frozen Mint Daiquiri,3,mint,6,other
Frozen Mint Daiquiri,4,sugar,1 tsp,other
Frozen Pineapple Daiquiri,1,light rum,1 1/2 oz,rum
Frozen Pineapple Daiquiri,2,pineapple,4 chunks,other
Frozen Pineapple Daiquiri,3,lime juice,1 tblsp,juice
Frozen Pineapple Daiquiri,4,sugar,1/2 tsp,other
Fruit Cooler,1,apple juice,1 can frozen,juice
Fruit Cooler,2,strawberries,1 cup,other
Fruit Cooler,3,sugar,2 tblsp,other
Fruit Cooler,4,lemon,1,other
Fruit Cooler,5,apple,1,other
Fruit Cooler,6,soda water,1 L,other
Fruit Cooler,7,ice,"
",other
Fruit Flip-Flop,1,yoghurt,1 cup,other
Fruit Flip-Flop,2,fruit juice,1 cup,juice
Fruit Shake,1,yoghurt,1 cup fruit,other
Fruit Shake,2,banana,1,other
Fruit Shake,3,orange juice,4 oz frozen,juice
Fruit Shake,4,fruit,1/2 piece textural,other
Fruit Shake,5,ice,6,other
Fuzzy Asshole,1,coffee,1/2,other
Fuzzy Asshole,2,peach schnapps,1/2,schnapps
GG,1,galliano,2 1/2 shots,other
GG,2,ginger ale,"
",other
Gagliardo,1,peach vodka,5 parts,vodka
Gagliardo,2,lemon juice,3 parts,juice
Gagliardo,3,galliano,1 part,other
Gagliardo,4,sirup of roses,1 part,other
Gentleman's Club,1,gin,1 1/2 oz,other
Gentleman's Club,2,brandy,1 oz,brandy
Gentleman's Club,3,sweet vermouth,1 oz,other
Gentleman's Club,4,club soda,1 oz,other
Gideon's Green Dinosaur,1,dark rum,1/2 oz,rum
Gideon's Green Dinosaur,2,vodka,1/2 oz,vodka
Gideon's Green Dinosaur,3,triple sec,1/2 oz,other
Gideon's Green Dinosaur,4,tequila,1/2 oz,other
Gideon's Green Dinosaur,5,melon liqueur,1/2 oz,liqueur
Gideon's Green Dinosaur,6,mountain dew,Fill with,other
Gin And Tonic,1,gin,2 oz,other
Gin And Tonic,2,tonic water,5 oz,other
Gin And Tonic,3,lime,1,other
Gin Cooler,1,gin,2 oz,other
Gin Cooler,2,carbonated water,"
",other
Gin Cooler,3,powdered sugar,"
",other
Gin Cooler,4,orange spiral,"
",other
Gin Cooler,5,lemon peel,"
",other
Gin Daisy,1,gin,2 oz,other
Gin Daisy,2,lemon juice,1 oz,juice
Gin Daisy,3,sugar,1/2 tsp superfine,other
Gin Daisy,4,grenadine,1/2 tsp,other
Gin Daisy,5,maraschino cherry,1,other
Gin Daisy,6,orange,1,other
Gin Fizz,1,gin,2 oz,other
Gin Fizz,2,lemon,Juice of 1/2,other
Gin Fizz,3,powdered sugar,1 tsp,other
Gin Rickey,1,gin,2 oz,other
Gin Rickey,2,grenadine,1 tsp,other
Gin Rickey,3,lemon,Juice of 1/2,other
Gin Rickey,4,soda water,Top up with,other
Gin Rickey,5,lime,Garnish,other
Gin Sling,1,gin,2 oz,other
Gin Sling,2,lemon,Juice of 1/2,other
Gin Sling,3,powdered sugar,1 tsp,other
Gin Sling,4,water,1 tsp,other
Gin Sling,5,orange peel,Twist of,other
Gin Smash,1,gin,2 oz,other
Gin Smash,2,carbonated water,1 oz,other
Gin Smash,3,sugar,1 cube,other
Gin Smash,4,mint,4,other
Gin Smash,5,orange,1 slice,other
Gin Smash,6,cherry,1,other
Gin Sour,1,gin,2 oz,other
Gin Sour,2,lemon juice,1 oz,juice
Gin Sour,3,sugar,1/2 tsp superfine,other
Gin Sour,4,orange,1,other
Gin Sour,5,maraschino cherry,1,other
Gin Squirt,1,gin,1 1/2 oz,other
Gin Squirt,2,grenadine,1 tsp,other
Gin Squirt,3,powdered sugar,1 tblsp,other
Gin Squirt,4,pineapple,3 chunks,other
Gin Squirt,5,strawberries,2,other
Gin Squirt,6,carbonated water,"
",other
Gin Swizzle,1,lime juice,1 1/2 oz,juice
Gin Swizzle,2,sugar,1 tsp superfine,other
Gin Swizzle,3,gin,2 oz,other
Gin Swizzle,4,bitters,1 dash,other
Gin Swizzle,5,club soda,3 oz,other
Gin Toddy,1,gin,2 oz,other
Gin Toddy,2,water,2 tsp,other
Gin Toddy,3,powdered sugar,1/2 tsp,other
Gin Toddy,4,lemon peel,1 twist of,other
Girl From Ipanema,1,cachaca,25 ml,other
Girl From Ipanema,2,lemon juice,15 ml,juice
Girl From Ipanema,3,agave syrup,10 ml,syrup
Girl From Ipanema,4,champagne,top up with,other
Gluehwein,1,red wine,1 L,other
Gluehwein,2,water,125 ml,other
Gluehwein,3,sugar,60 gr,other
Gluehwein,4,cinnamon,1,other
Gluehwein,5,cloves,3,other
Gluehwein,6,lemon peel,1 tblsp,other
Godchild,1,vodka,1 oz,vodka
Godchild,2,amaretto,1 oz,other
Godchild,3,heavy cream,1 oz,cream
Godfather,1,scotch,1 1/2 oz,other
Godfather,2,amaretto,3/4 oz,other
Godmother,1,vodka,1 1/2 oz,vodka
Godmother,2,amaretto,3/4 oz,other
Golden dream,1,galliano,2 parts,other
Golden dream,2,triple sec,2 parts,other
Golden dream,3,orange juice,2 parts,juice
Golden dream,4,cream,1 part,cream
Grand Blue,1,malibu rum,1 1/2 cl,rum
Grand Blue,2,peach schnapps,1 1/2 cl,schnapps
Grand Blue,3,blue curacao,1 1/2 cl,other
Grand Blue,4,sweet and sour,3 cl,other
Grape lemon pineapple Smoothie,1,grapes,1 cup,other
Grape lemon pineapple Smoothie,2,lemon,1/4,other
Grape lemon pineapple Smoothie,3,pineapple,1/2,other
Grass Skirt,1,gin,1 1/2 oz,other
Grass Skirt,2,triple sec,1 oz,other
Grass Skirt,3,pineapple juice,1 oz,juice
Grass Skirt,4,grenadine,1/2 tsp,other
Grass Skirt,5,pineapple,1,other
Grasshopper,1,green creme de menthe,3/4 oz,other
Grasshopper,2,creme de cacao,3/4 oz white,other
Grasshopper,3,light cream,3/4 oz,cream
Green Goblin,1,cider,1/2 pint hard,other
Green Goblin,2,lager,1/2 pint,other
Green Goblin,3,blue curacao,1 shot,other
Grim Reaper,1,kahlua,1 oz,other
Grim Reaper,2,151 proof rum,1 oz Bacardi,rum
Grim Reaper,3,grenadine,1 dash,other
Grizzly Bear,1,amaretto,1 part,other
Grizzly Bear,2,jägermeister,1 part,other
Grizzly Bear,3,kahlua,1 part,other
Grizzly Bear,4,milk,2 1/2 parts,other
H.D.,1,Whiskey,4 cl,other
H.D.,2,irish cream,8 cl,cream
H.D.,3,coffee,"
",other
Happy Skipper,1,spiced rum,1 1/2 cl,rum
Happy Skipper,2,ginger ale,"
",other
Happy Skipper,3,lime,"
",other
Happy Skipper,4,ice,"
",other
Harvey Wallbanger,1,vodka,1 oz,vodka
Harvey Wallbanger,2,galliano,1/2 oz,other
Harvey Wallbanger,3,orange juice,4 oz,juice
Havana Cocktail,1,light rum,1 oz,rum
Havana Cocktail,2,pineapple juice,1 oz,juice
Havana Cocktail,3,lemon juice,1 tsp,juice
Hawaiian Cocktail,1,gin,2 oz,other
Hawaiian Cocktail,2,triple sec,1/2 oz,other
Hawaiian Cocktail,3,pineapple juice,1 tblsp,juice
Hemingway Special,1,rum,12 parts,rum
Hemingway Special,2,grapefruit juice,8 parts,juice
Hemingway Special,3,maraschino liqueur,3 parts,liqueur
Hemingway Special,4,lime juice,3 parts,juice
Herbal flame,1,hot damn,5 shots,other
Herbal flame,2,tea,very sweet,other
Highland Fling Cocktail,1,scotch,1 1/2 oz,other
Highland Fling Cocktail,2,sweet vermouth,3/4 oz,other
Highland Fling Cocktail,3,orange bitters,2 dashes,other
Highland Fling Cocktail,4,olive,1,other
Holloween Punch,1,grape juice,"
",juice
Holloween Punch,2,carbonated soft drink,", orange
",other
Homemade Kahlua,1,sugar,2 1/2 cups,other
Homemade Kahlua,2,corn syrup,1 cup,syrup
Homemade Kahlua,3,coffee,1 1/2 oz instant,other
Homemade Kahlua,4,vanilla extract,2 oz,other
Homemade Kahlua,5,water,3 cups boiling,other
Homemade Kahlua,6,vodka,1 fifth,vodka
Horse's Neck,1,lemon peel,1 long strip,other
Horse's Neck,2,brandy,2 oz,brandy
Horse's Neck,3,ginger ale,5 oz,other
Horse's Neck,4,bitters,2 dashes,other
Hot Chocolate to Die for,1,chocolate,12 oz fine,chocolate
Hot Chocolate to Die for,2,butter,1 tsp,other
Hot Chocolate to Die for,3,vanilla extract,1/2 tsp,other
Hot Chocolate to Die for,4,half-and-half,1 cup,other
Hot Chocolate to Die for,5,marshmallows,mini,other
Hot Creamy Bush,1,irish whiskey,1 shot,other
Hot Creamy Bush,2,irish cream,3/4 shot,cream
Hot Creamy Bush,3,coffee,6 oz hot,other
Ice Pick #1,1,vodka,1 1/2 oz,vodka
Ice Pick #1,2,iced tea,6 oz,other
Ice Pick #1,3,lemon juice,"to taste
",juice
Iced Coffee,1,coffee,1/4 cup instant,other
Iced Coffee,2,sugar,1/4 cup,other
Iced Coffee,3,water,1/4 cup hot,other
Iced Coffee,4,milk,4 cups cold,other
Iced Coffee Fillip,1,kahlua,2 tsp,other
Iced Coffee Fillip,2,coffee,Strong cold,other
Imperial Cocktail,1,lime juice,4 cl,juice
Imperial Cocktail,2,gin,2 cl,other
Imperial Cocktail,3,aperol,4 cl,other
Imperial Fizz,1,light rum,1/2 oz,rum
Imperial Fizz,2,blended whiskey,1 1/2 oz,other
Imperial Fizz,3,lemon,Juice of 1/2,other
Imperial Fizz,4,powdered sugar,1 tsp,other
Imperial Fizz,5,carbonated water,"
",other
Ipamena,1,lime,½,other
Ipamena,2,brown sugar,2 tsp,other
Ipamena,3,passion fruit juice,4 cl,juice
Ipamena,4,ginger ale,top up with,other
Ipamena,5,ice,fill,other
Irish Coffee,1,irish whiskey,1 1/2 oz,other
Irish Coffee,2,coffee,8 oz,other
Irish Coffee,3,sugar,1 tsp,other
Irish Coffee,4,whipped cream,1 tblsp,cream
Irish Cream,1,scotch,1 cup,other
Irish Cream,2,half-and-half,1 1/4 cup,other
Irish Cream,3,condensed milk,1 can sweetened,other
Irish Cream,4,coconut syrup,3 drops,syrup
Irish Cream,5,chocolate syrup,1 tblsp,syrup
Irish Curdling Cow,1,irish cream,3/4 oz,cream
Irish Curdling Cow,2,bourbon,3/4 oz,other
Irish Curdling Cow,3,vodka,3/4 oz,vodka
Irish Curdling Cow,4,orange juice,2-3 oz,juice
Irish Russian,1,vodka,1 shot,vodka
Irish Russian,2,kahlua,1 shot,other
Irish Russian,3,coca-cola,1 dash,other
Irish Russian,4,guinness stout,Fill with,other
Irish Spring,1,irish whiskey,1 oz,other
Irish Spring,2,peach brandy,1/2 oz,brandy
Irish Spring,3,orange juice,1 oz,juice
Irish Spring,4,sweet and sour,1 oz,other
Irish Spring,5,orange,1 slice,other
Irish Spring,6,cherry,1,other
Jack Rose Cocktail,1,apple brandy,1 1/2 oz,brandy
Jack Rose Cocktail,2,grenadine,1 tsp,other
Jack Rose Cocktail,3,lime,Juice of 1/2,other
Jack's Vanilla Coke,1,ice,4-5,other
Jack's Vanilla Coke,2,tennessee whiskey,2 oz,other
Jack's Vanilla Coke,3,vanilla extract,1 tsp,other
Jack's Vanilla Coke,4,coca-cola,10-12 oz,other
Jackhammer,1,jack daniels,1 oz,other
Jackhammer,2,amaretto,1 oz,other
Jam Donut,1,irish cream,2/3 oz,cream
Jam Donut,2,raspberry liqueur,1/3 oz,liqueur
Jam Donut,3,sugar syrup,1 tsp,syrup
Jam Donut,4,sugar,2 pinches,other
Jamaica Kiss,1,coffee liqueur,1 shot,liqueur
Jamaica Kiss,2,light rum,1 shot Jamaican,rum
Jamaica Kiss,3,ice,"cubes
",other
Jamaica Kiss,4,milk,"
",other
Jamaican Coffee,1,rum,1/6 glass,rum
Jamaican Coffee,2,coffee,1/6 glass strong black,other
Jamaican Coffee,3,water,1/2 glass cold,other
Jamaican Coffee,4,whipped cream,"
",cream
Japanese Fizz,1,blended whiskey,1 1/2 oz,other
Japanese Fizz,2,lemon,Juice of 1/2,other
Japanese Fizz,3,powdered sugar,1 tsp,other
Japanese Fizz,4,port,1 tblsp,other
Japanese Fizz,5,egg white,1,other
Japanese Fizz,6,carbonated water,"
",other
Jello shots,1,vodka,2 cups,vodka
Jello shots,2,jello,3 packages,other
Jello shots,3,water,3 cups,other
Jelly Bean,1,blackberry brandy,1 oz,brandy
Jelly Bean,2,anis,1 oz,other
Jewel Of The Nile,1,gin,1 1/2 oz,other
Jewel Of The Nile,2,green chartreuse,1/2 oz,other
Jewel Of The Nile,3,yellow chartreuse,1/2 oz,other
Jitterbug,1,gin,2 jiggers,other
Jitterbug,2,vodka,1 jigger,vodka
Jitterbug,3,grenadine,3 dashes,other
Jitterbug,4,lime juice,1 shot,juice
Jitterbug,5,sugar,Around rim put 1 pinch,other
Jitterbug,6,sugar syrup,3 dashes,syrup
Jitterbug,7,soda water,Fill to top with,other
John Collins,1,bourbon,2 oz,other
John Collins,2,lemon juice,1 oz,juice
John Collins,3,sugar,1 tsp superfine,other
John Collins,4,club soda,3 oz,other
John Collins,5,maraschino cherry,1,other
John Collins,6,orange,1,other
Just a Moonmint,1,milk,2 cups,other
Just a Moonmint,2,chocolate syrup,"
",syrup
Just a Moonmint,3,mint syrup,"
",syrup
Kamikaze,1,vodka,1 oz,vodka
Kamikaze,2,triple sec,1 oz,other
Kamikaze,3,lime juice,1 oz,juice
Karsk,1,coffee,1 part,other
Karsk,2,grain alcohol,2 parts,other
Kentucky B And B,1,bourbon,2 oz,other
Kentucky B And B,2,benedictine,1/2 oz,other
Kentucky Colonel,1,bourbon,3 oz,other
Kentucky Colonel,2,benedictine,1/2 oz,other
Kentucky Colonel,3,lemon peel,1 twist of,other
Kill the cold Smoothie,1,ginger,1 inch,other
Kill the cold Smoothie,2,lemon,1/4,other
Kill the cold Smoothie,3,water,1 cup hot,other
Kioki Coffee,1,kahlua,1 oz,other
Kioki Coffee,2,brandy,1/2 oz,brandy
Kioki Coffee,3,coffee,"
",other
Kir,1,creme de cassis,1 part,other
Kir,2,champagne,5 parts,other
Kir Royale,1,creme de cassis,1 part,other
Kir Royale,2,champagne,5 parts,other
Kiss me Quick,1,cranberry vodka,4 cl,vodka
Kiss me Quick,2,apfelkorn,2 cl,other
Kiss me Quick,3,schweppes russchian,7 cl,other
Kiss me Quick,4,apple juice,8 cl,juice
Kiss me Quick,5,ice,"cubes
",other
Kiwi Lemon,1,kiwi liqueur,1 part,liqueur
Kiwi Lemon,2,bitter lemon,2 parts,other
Kiwi Lemon,3,ice,"cubes
",other
Kiwi Papaya Smoothie,1,kiwi,3,other
Kiwi Papaya Smoothie,2,papaya,1/2,other
Kool First Aid,1,151 proof rum,2 oz light,rum
Kool First Aid,2,kool-aid,1/2 tsp Tropical,other
Kool-Aid Shot,1,vodka,1 shot,vodka
Kool-Aid Shot,2,amaretto,1 shot,other
Kool-Aid Shot,3,sloe gin,1 shot,other
Kool-Aid Shot,4,triple sec,1 shot,other
Kool-Aid Shot,5,cranberry juice,"
",juice
Kool-Aid Slammer,1,kool-aid,1/2 oz Grape,other
Kool-Aid Slammer,2,vodka,1/2 oz,vodka
Kurant Tea,1,absolut kurant,4 cl,other
Kurant Tea,2,tea,Turkish apple,other
Kurant Tea,3,sugar,"(if needed)
",other
Lady Love Fizz,1,gin,2 oz,other
Lady Love Fizz,2,light cream,2 tsp,cream
Lady Love Fizz,3,powdered sugar,1 tsp,other
Lady Love Fizz,4,lemon,Juice of 1/2,other
Lady Love Fizz,5,egg white,1,other
Lady Love Fizz,6,carbonated water,"
",other
Lassi - A South Indian Drink,1,yoghurt,1/2 cup plain,other
Lassi - A South Indian Drink,2,water,1 1/4 cup cold,other
Lassi - A South Indian Drink,3,cumin seed,1/2 tsp ground roasted,other
Lassi - A South Indian Drink,4,salt,1/4 tsp,other
Lassi - A South Indian Drink,5,mint,1/4 tsp dried,other
Lassi - Mango,1,mango,2,other
Lassi - Mango,2,yoghurt,2 cups,other
Lassi - Mango,3,sugar,1/2 cup,other
Lassi - Mango,4,water,1 cup iced,other
Lassi - Sweet,1,yoghurt,1 cup,other
Lassi - Sweet,2,water,2 cups cold,other
Lassi - Sweet,3,sugar,4 tblsp,other
Lassi - Sweet,4,salt,pinch,other
Lassi - Sweet,5,lemon juice,2 tblsp,juice
Lassi Khara,1,yoghurt,1 cup,other
Lassi Khara,2,water,2 cups cold,other
Lassi Khara,3,salt,1 tsp,other
Lassi Khara,4,asafoetida,1 pinch,other
Lassi Raita,1,yoghurt,2 cups,other
Lassi Raita,2,ice,4-6,other
Lassi Raita,3,sugar,"
",other
Lassi Raita,4,lime,"
",other
Lassi Raita,5,salt,"
",other
Lemon Drop,1,absolut vodka,1 1/2 shot,vodka
Lemon Drop,2,cointreau,1 1/2 shot,other
Lemon Drop,3,lemon,Juice of 1 wedge,other
Lemon Shot,1,galliano,1/2 oz,other
Lemon Shot,2,absolut citron,1/2 oz,other
Lemon Shot,3,lemon,"wedge
",other
Lemon Shot,4,sugar,Bacardi,other
Lemouroudji,1,ginger,2 pieces,other
Lemouroudji,2,water,1 gal,other
Lemouroudji,3,lemon,1 lb,other
Lemouroudji,4,sugar,1 cup,other
Lemouroudji,5,cayenne pepper,ground,other
Limeade,1,lime,Juice of 1,other
Limeade,2,sugar,1 tblsp,other
Limeade,3,soda water,"(seltzer water)
",other
Limona Corona,1,corona,1 bottle,other
Limona Corona,2,bacardi limon,1 oz,other
Loch Lomond,1,scotch,2 oz,other
Loch Lomond,2,drambuie,1/2 oz,other
Loch Lomond,3,dry vermouth,1/2 oz,other
Loch Lomond,4,lemon peel,1 twist of,other
London Town,1,gin,1 1/2 oz,other
London Town,2,maraschino liqueur,1/2 oz,liqueur
London Town,3,orange bitters,2 dashes,other
Lone Tree Cocktail,1,sweet vermouth,3/4 oz,other
Lone Tree Cocktail,2,gin,1 1/2 oz,other
Lone Tree Cooler,1,carbonated water,"
",other
Lone Tree Cooler,2,gin,"
",other
Lone Tree Cooler,3,dry vermouth,"
",other
Lone Tree Cooler,4,powdered sugar,"
",other
Lone Tree Cooler,5,orange spiral,"
",other
Lone Tree Cooler,6,lemon peel,"
",other
Long Island Iced Tea,1,vodka,1/2 oz,vodka
Long Island Iced Tea,2,tequila,1/2 oz,other
Long Island Iced Tea,3,light rum,1/2 oz,rum
Long Island Iced Tea,4,gin,1/2 oz,other
Long Island Iced Tea,5,coca-cola,1 dash,other
Long Island Iced Tea,6,lemon peel,Twist of,other
Long Island Tea,1,vodka,1/2 oz,vodka
Long Island Tea,2,light rum,1/2 oz,rum
Long Island Tea,3,gin,1/2 oz,other
Long Island Tea,4,tequila,1/2 oz,other
Long Island Tea,5,lemon,Juice of 1/2,other
Long Island Tea,6,coca-cola,1 splash,other
Long vodka,1,vodka,5 cl,vodka
Long vodka,2,lime,1/2,other
Long vodka,3,angostura bitters,4 dashes,other
Long vodka,4,tonic water,1 dl Schweppes,other
Long vodka,5,ice,4,other
Lord And Lady,1,dark rum,1 1/2 oz,rum
Lord And Lady,2,tia maria,1/2 oz,other
Lunch Box,1,beer,3/4 bottle,other
Lunch Box,2,amaretto,1 shot,other
Lunch Box,3,orange juice,1 oz,juice
Mai Tai,1,light rum,1 oz,rum
Mai Tai,2,orgeat syrup,1/2 oz,syrup
Mai Tai,3,triple sec,1/2 oz,other
Mai Tai,4,sweet and sour,1 1/2 oz,other
Mai Tai,5,cherry,1,other
Malibu Twister,1,malibu rum,2 parts,rum
Malibu Twister,2,tropicana,2 parts,other
Malibu Twister,3,cranberry juice,1 part,juice
Mango Orange Smoothie,1,mango,1,other
Mango Orange Smoothie,2,orange,2,other
Manhattan,1,sweet vermouth,3/4 oz,other
Manhattan,2,bourbon,2 1/2 oz Blended,other
Manhattan,3,angostura bitters,dash,other
Manhattan,4,ice,2 or 3,other
Manhattan,5,maraschino cherry,1,other
Manhattan,6,orange peel,1 twist of,other
Margarita,1,tequila,1 1/2 oz,other
Margarita,2,triple sec,1/2 oz,other
Margarita,3,lime juice,1 oz,juice
Martinez Cocktail,1,gin,1 oz,other
Martinez Cocktail,2,dry vermouth,1 oz,other
Martinez Cocktail,3,triple sec,1/4 tsp,other
Martinez Cocktail,4,orange bitters,1 dash,other
Martinez Cocktail,5,cherry,1,other
Martini,1,gin,1 2/3 oz,other
Martini,2,dry vermouth,1/3 oz,other
Martini,3,olive,1,other
Mary Pickford,1,light rum,1 1/2 oz,rum
Mary Pickford,2,pineapple juice,1 oz,juice
Mary Pickford,3,maraschino liqueur,1/2 tsp,liqueur
Mary Pickford,4,grenadine,1/2 tsp,other
Mary Pickford,5,maraschino cherry,1,other
Masala Chai,1,water,2 cups,other
Masala Chai,2,tea,3-4 tsp,other
Masala Chai,3,ginger,1 chunk dried,other
Masala Chai,4,cardamom,3-4 crushed,other
Masala Chai,5,cloves,3,other
Masala Chai,6,cinnamon,1 piece,other
Masala Chai,7,black pepper,1-2 whole,other
Masala Chai,8,sugar,"to taste
",other
Melya,1,espresso,"
",other
Melya,2,honey,Unsweetened,other
Miami Vice,1,151 proof rum,5 oz Bacardi,rum
Miami Vice,2,pina colada mix,frozen,other
Miami Vice,3,daiquiri mix,frozen,other
Microwave Hot Cocoa,1,sugar,5 tblsp,other
Microwave Hot Cocoa,2,cocoa powder,3 tblsp,other
Microwave Hot Cocoa,3,salt,1 dash,other
Microwave Hot Cocoa,4,water,3 tblsp hot,other
Microwave Hot Cocoa,5,milk,2 cups,other
Microwave Hot Cocoa,6,vanilla extract,1/4 tsp,other
Midnight Cowboy,1,bourbon,2 oz,other
Midnight Cowboy,2,dark rum,1 oz,rum
Midnight Cowboy,3,heavy cream,1/2 oz,cream
Midnight Manx,1,kahlua,1 oz,other
Midnight Manx,2,irish cream,1 oz,cream
Midnight Manx,3,goldschlager,dash,other
Midnight Manx,4,heavy cream,2 oz,cream
Midnight Manx,5,coffee,2 oz Hazlenut,other
Midnight Mint,1,irish cream,1 oz,cream
Midnight Mint,2,white creme de menthe,3/4 oz,other
Midnight Mint,3,cream,3/4 oz double,cream
Mimosa,1,champagne,Chilled,other
Mimosa,2,orange juice,2 oz,juice
Mississippi Planters Punch,1,brandy,1 oz,brandy
Mississippi Planters Punch,2,light rum,1/2 oz,rum
Mississippi Planters Punch,3,bourbon,1/2 oz,other
Mississippi Planters Punch,4,lemon,Juice of 1/2,other
Mississippi Planters Punch,5,powdered sugar,1 tblsp,other
Mississippi Planters Punch,6,carbonated water,"
",other
Mocha-Berry,1,coffee,6 oz,other
Mocha-Berry,2,raspberry liqueur,2 oz,liqueur
Mocha-Berry,3,cocoa powder,2 tblsp,other
Mocha-Berry,4,whipped cream,"
",cream
Mojito,1,light rum,2-3 oz,rum
Mojito,2,lime,Juice of 1,other
Mojito,3,sugar,2 tsp,other
Mojito,4,mint,2-4,other
Mojito #3,1,mint,1/2 handful,other
Mojito #3,2,lemon juice,3 cl,juice
Mojito #3,3,dark rum,1/8 L Jamaican,rum
Mojito #3,4,club soda,1/8 L,other
Mojito #3,5,angostura bitters,8 drops,other
Monkey Gland,1,gin,2 oz,other
Monkey Gland,2,benedictine,1 tsp,other
Monkey Gland,3,orange juice,1/2 oz,juice
Monkey Gland,4,grenadine,1 tsp,other
Monkey Wrench,1,light rum,1 1/2 oz,rum
Monkey Wrench,2,grapefruit juice,3 oz,juice
Monkey Wrench,3,bitters,1 dash,other
Moranguito,1,absinthe,2/5,other
Moranguito,2,tequila,2/5,other
Moranguito,3,grenadine,1/5,other
Moscow Mule,1,vodka,2 oz,vodka
Moscow Mule,2,lime juice,2 oz,juice
Moscow Mule,3,ginger ale,8 oz,other
Mother's Milk,1,goldschlager,1 oz,other
Mother's Milk,2,butterscotch schnapps,1 oz,schnapps
Mother's Milk,3,milk,1 oz,other
Mudslinger,1,southern comfort,750 ml,other
Mudslinger,2,orange juice,1 L,juice
Mudslinger,3,pepsi cola,750 ml,other
Mulled Wine,1,water,3 cups,other
Mulled Wine,2,sugar,1 cup,other
Mulled Wine,3,cloves,12,other
Mulled Wine,4,cinnamon,2,other
Mulled Wine,5,lemon peel,1,other
Mulled Wine,6,red wine,750 ml,other
Mulled Wine,7,brandy,1/4 cup,brandy
National Aquarium,1,rum,1/2 oz,rum
National Aquarium,2,vodka,1/2 oz,vodka
National Aquarium,3,gin,1/2 oz,other
National Aquarium,4,blue curacao,1/2 oz,other
National Aquarium,5,sour mix,2 oz,other
National Aquarium,6,lemon-lime soda,1 splash,other
Negroni,1,gin,1 oz,other
Negroni,2,campari,1 oz,other
Negroni,3,sweet vermouth,1 oz,other
New York Lemonade,1,absolut citron,2 oz,other
New York Lemonade,2,grand marnier,1 oz,other
New York Lemonade,3,lemon juice,2 oz sweetened,juice
New York Lemonade,4,club soda,1 oz,other
New York Sour,1,blended whiskey,2 oz,other
New York Sour,2,lemon,Juice of 1/2,other
New York Sour,3,sugar,1 tsp,other
New York Sour,4,red wine,"(Claret)
",other
New York Sour,5,lemon,"
",other
New York Sour,6,cherry,"
",other
Nuked Hot Chocolate,1,cocoa powder,2 tsp,other
Nuked Hot Chocolate,2,sugar,1 tsp,other
Nuked Hot Chocolate,3,vanilla extract,1/2 tsp,other
Nuked Hot Chocolate,4,milk,12 oz,other
Nutty Irishman,1,irish cream,1 part,cream
Nutty Irishman,2,frangelico,1 part,other
Nutty Irishman,3,milk,1 part,other
Old Fashioned,1,bourbon,4.5 cL,other
Old Fashioned,2,angostura bitters,2 dashes,other
Old Fashioned,3,sugar,1 cube,other
Old Fashioned,4,water,dash,other
Orange Crush,1,vodka,1 oz,vodka
Orange Crush,2,triple sec,1 oz,other
Orange Crush,3,orange juice,1 oz,juice
Orange Oasis,1,cherry brandy,1/2 oz,brandy
Orange Oasis,2,gin,1 1/2 oz,other
Orange Oasis,3,orange juice,4 oz,juice
Orange Oasis,4,ginger ale,"
",other
Orange Push-up,1,spiced rum,1.5 oz,rum
Orange Push-up,2,grenadine,0.5 oz,other
Orange Push-up,3,orange juice,4 oz,juice
Orange Push-up,4,sour mix,1 splash,other
Orange Scented Hot Chocolate,1,milk,2 cups,other
Orange Scented Hot Chocolate,2,chocolate,4 oz chopped bittersweet or semi-sweet,chocolate
Orange Scented Hot Chocolate,3,orange peel,3 2-inch strips,other
Orange Scented Hot Chocolate,4,espresso,1/2 tsp instant,other
Orange Scented Hot Chocolate,5,nutmeg,1/8 tsp ground,other
Orange Whip,1,orange juice,4 oz,juice
Orange Whip,2,rum,1 oz,rum
Orange Whip,3,vodka,1 oz,vodka
Orange Whip,4,cream,1 package,cream
Orange Whip,5,ice,Over,other
Orangeade,1,lemon juice,5 cl,juice
Orangeade,2,orange juice,15 cl,juice
Orangeade,3,sugar syrup,2-3 cl,syrup
Orangeade,4,soda water,"
",other
Oreo Mudslide,1,vodka,1 oz,vodka
Oreo Mudslide,2,kahlua,1 oz,other
Oreo Mudslide,3,irish cream,1 oz,cream
Oreo Mudslide,4,vanilla ice-cream,2 scoops,other
Oreo Mudslide,5,oreo cookie,1,other
Orgasm,1,creme de cacao,1/2 oz white,other
Orgasm,2,amaretto,1/2 oz,other
Orgasm,3,triple sec,1/2 oz,other
Orgasm,4,vodka,1/2 oz,vodka
Orgasm,5,light cream,1 oz,cream
Owen's Grandmother's Revenge,1,whiskey,12 oz,other
Owen's Grandmother's Revenge,2,beer,12 oz,other
Owen's Grandmother's Revenge,3,lemonade,12 oz frozen,other
Owen's Grandmother's Revenge,4,ice,1 cup crushed,other
Paradise,1,gin,7 parts,other
Paradise,2,apricot brandy,4 parts,brandy
Paradise,3,orange juice,3 parts,juice
Pina Colada,1,light rum,3 oz,rum
Pina Colada,2,coconut milk,3 tblsp,other
Pina Colada,3,pineapple,3 tblsp,other
Pineapple Gingerale Smoothie,1,ginger,1/4 inch,other
Pineapple Gingerale Smoothie,2,pineapple,1/2,other
Pink Gin,1,bitters,3 dashes,other
Pink Gin,2,gin,2 oz,other
Pink Lady,1,gin,1 1/2 oz,other
Pink Lady,2,grenadine,1 tsp,other
Pink Lady,3,light cream,1 tsp,cream
Pink Lady,4,egg white,1,other
Pink Panty Pulldowns,1,sprite,1 L,other
Pink Panty Pulldowns,2,pink lemonade,2 cups,other
Pink Panty Pulldowns,3,vodka,2 cups,vodka
Pink Penocha,1,everclear,750 ml,other
Pink Penocha,2,vodka,1750 ml,vodka
Pink Penocha,3,peach schnapps,1750 ml,schnapps
Pink Penocha,4,orange juice,1 gal,juice
Pink Penocha,5,cranberry juice,1 gal,juice
Pisco Sour,1,pisco,2 oz,other
Pisco Sour,2,lemon juice,1 oz,juice
Pisco Sour,3,sugar,1-2 tblsp,other
Planter's Punch,1,dark rum,1 part,rum
Planter's Punch,2,orgeat syrup,1/2 part,syrup
Planter's Punch,3,orange juice,2 parts,juice
Planter's Punch,4,pineapple juice,1 part,juice
Popped cherry,1,vodka,2 oz,vodka
Popped cherry,2,cherry liqueur,2 oz,liqueur
Popped cherry,3,cranberry juice,4 oz,juice
Popped cherry,4,orange juice,4 oz,juice
Poppy Cocktail,1,gin,1 1/2 oz,other
Poppy Cocktail,2,creme de cacao,3/4 oz white,other
Port And Starboard,1,grenadine,1 tblsp,other
Port And Starboard,2,green creme de menthe,1/2 oz,other
Port Wine Cocktail,1,port,2 1/2 oz,other
Port Wine Cocktail,2,brandy,1/2 tsp,brandy
Port Wine Flip,1,port,1 1/2 oz,other
Port Wine Flip,2,light cream,2 tsp,cream
Port Wine Flip,3,powdered sugar,1 tsp,other
Port Wine Flip,4,egg,1 whole,other
Port Wine Flip,5,nutmeg,"
",other
Porto flip,1,brandy,3 parts,brandy
Porto flip,2,port,9 parts,other
Porto flip,3,egg yolk,2 parts,other
Pysch Vitamin Light,1,orange juice,1 part,juice
Pysch Vitamin Light,2,apple juice,1 part,juice
Pysch Vitamin Light,3,pineapple juice,1 part,juice
Pysch Vitamin Light,4,ice,"
",other
Quaker's Cocktail,1,light rum,3/4 oz,rum
Quaker's Cocktail,2,brandy,3/4 oz,brandy
Quaker's Cocktail,3,lemon,Juice of 1/4,other
Quaker's Cocktail,4,raspberry syrup,2 tsp,syrup
Quarter Deck Cocktail,1,light rum,1 1/2,rum
Quarter Deck Cocktail,2,sherry,1/3 oz cream,other
Quarter Deck Cocktail,3,lime,Juice of 1/2,other
Queen Bee,1,coffee brandy,1 oz,brandy
Queen Bee,2,lime vodka,1 1/2 oz,vodka
Queen Bee,3,sherry,1/2 oz cream,other
Queen Charlotte,1,red wine,2 oz,other
Queen Charlotte,2,grenadine,1 oz,other
Queen Charlotte,3,lemon-lime soda,"
",other
Queen Elizabeth,1,dry vermouth,1/2 oz,other
Queen Elizabeth,2,gin,1 1/2 oz,other
Queen Elizabeth,3,benedictine,1 1/2 tsp,other
Quentin,1,dark rum,1 1/2 oz,rum
Quentin,2,kahlua,1/2 oz,other
Quentin,3,light cream,1 oz,cream
Quentin,4,nutmeg,1/8 tsp grated,other
Quick F**K,1,kahlua,1 part,other
Quick F**K,2,melon liqueur,1 part,liqueur
Quick F**K,3,irish cream,1 part,cream
Quick-sand,1,black sambuca,25 ml,other
Quick-sand,2,orange juice,Add 250 ml,juice
Radioactive Long Island Iced Tea,1,rum,1 oz,rum
Radioactive Long Island Iced Tea,2,vodka,1 oz,vodka
Radioactive Long Island Iced Tea,3,tequila,1 oz,other
Radioactive Long Island Iced Tea,4,gin,1 oz,other
Radioactive Long Island Iced Tea,5,triple sec,1 oz,other
Radioactive Long Island Iced Tea,6,raspberry liqueur,1 oz,liqueur
Radioactive Long Island Iced Tea,7,melon liqueur,1 oz,liqueur
Radioactive Long Island Iced Tea,8,malibu rum,1 oz,rum
Radler,1,beer,12 oz,other
Radler,2,7-up,12 oz,other
Rail Splitter,1,sugar syrup,2 tsp,syrup
Rail Splitter,2,lemon juice,"
",juice
Raspberry Cooler,1,raspberry vodka,2 oz,vodka
Raspberry Cooler,2,lemon-lime soda,4 oz,other
Raspberry Cooler,3,ice,"
",other
Red Snapper,1,crown royal,1 shot,other
Red Snapper,2,amaretto,1 shot,other
Red Snapper,3,cranberry juice,1 shot,juice
Rose,1,dry vermouth,1/2 oz,other
Rose,2,gin,1 oz,other
Rose,3,apricot brandy,1/2 oz,brandy
Rose,4,lemon juice,1/2 tsp,juice
Rose,5,grenadine,1 tsp,other
Royal Bitch,1,frangelico,1 part,other
Royal Bitch,2,crown royal,1 part,other
Royal Fizz,1,gin,1 oz,other
Royal Fizz,2,sweet and sour,2 oz,other
Royal Fizz,3,egg,1 whole,other
Royal Fizz,4,coca-cola,"
",other
Royal Flush,1,crown royal,1 1/2 oz,other
Royal Flush,2,peach schnapps,1 oz,schnapps
Royal Flush,3,raspberry liqueur,1/2 oz,liqueur
Royal Flush,4,cranberry juice,1 oz,juice
Royal Gin Fizz,1,gin,2 oz,other
Royal Gin Fizz,2,lemon,Juice of 1/2,other
Royal Gin Fizz,3,powdered sugar,1 tsp,other
Royal Gin Fizz,4,egg,1 whole,other
Royal Gin Fizz,5,carbonated water,"
",other
Ruby Tuesday,1,gin,2 oz,other
Ruby Tuesday,2,cranberry juice,5 oz,juice
Ruby Tuesday,3,grenadine,2 splashes,other
Rum Cobbler,1,sugar,1 tsp superfine,other
Rum Cobbler,2,club soda,3 oz,other
Rum Cobbler,3,lemon,1,other
Rum Cobbler,4,dark rum,2 oz,rum
Rum Cobbler,5,maraschino cherry,1,other
Rum Cobbler,6,orange,1,other
Rum Cooler,1,rum,2 oz light or dark,rum
Rum Cooler,2,lemon-lime soda,4 oz,other
Rum Cooler,3,lemon,1,other
Rum Milk Punch,1,light rum,2 oz,rum
Rum Milk Punch,2,milk,1 cup,other
Rum Milk Punch,3,powdered sugar,1 tsp,other
Rum Milk Punch,4,nutmeg,"
",other
Rum Old-fashioned,1,light rum,1 1/2 oz,rum
Rum Old-fashioned,2,151 proof rum,1 tsp,rum
Rum Old-fashioned,3,powdered sugar,1/2 tsp,other
Rum Old-fashioned,4,bitters,1 dash,other
Rum Old-fashioned,5,water,1 tsp,other
Rum Old-fashioned,6,lime peel,Twist of,other
Rum Punch,1,rum,mikey bottle,rum
Rum Punch,2,ginger ale,large bottle,other
Rum Punch,3,fruit punch,355 ml frozen,other
Rum Punch,4,orange juice,355 ml frozen,juice
Rum Punch,5,ice,crushed,other
Rum Runner,1,malibu rum,1 1/2 oz,rum
Rum Runner,2,blackberry brandy,1 oz,brandy
Rum Runner,3,orange juice,3-4 oz,juice
Rum Runner,4,pineapple juice,3-4 oz,juice
Rum Runner,5,cranberry juice,3-4 oz,juice
Rum Screwdriver,1,light rum,1 1/2 oz,rum
Rum Screwdriver,2,orange juice,5 oz,juice
Rum Sour,1,light rum,2 oz,rum
Rum Sour,2,lemon juice,1 oz,juice
Rum Sour,3,sugar,1/2 tsp superfine,other
Rum Sour,4,orange,1,other
Rum Sour,5,maraschino cherry,1,other
Rum Toddy,1,rum,2 oz light or dark,rum
Rum Toddy,2,powdered sugar,2 tsp,other
Rum Toddy,3,lemon peel,1 twist of,other
Rum Toddy,4,water,2 tsp,other
Russian Spring Punch,1,vodka,2.5 cl,vodka
Russian Spring Punch,2,creme de cassis,1.5 cl,other
Russian Spring Punch,3,sugar syrup,1 cl,syrup
Russian Spring Punch,4,lemon juice,2.5 cl,juice
Rusty Nail,1,scotch,1 1/2 oz,other
Rusty Nail,2,drambuie,1/2 oz,other
Rusty Nail,3,lemon peel,1 twist of,other
Salty Dog,1,grapefruit juice,5 oz,juice
Salty Dog,2,gin,1 1/2 oz,other
Salty Dog,3,salt,1/4 tsp,other
San Francisco,1,vodka,2 cl,vodka
San Francisco,2,creme de banane,2 cl,other
San Francisco,3,grenadine,"
",other
Sangria #1,1,red wine,1 bottle,other
Sangria #1,2,sugar,1/2 cup,other
Sangria #1,3,orange juice,1 cup,juice
Sangria #1,4,lemon juice,1 cup,juice
Sangria #1,5,cloves,"
",other
Sangria - The World's Best,1,red wine,1 1/2 L,other
Sangria - The World's Best,2,sugar,1 cup,other
Sangria - The World's Best,3,lemon,1 large,other
Sangria - The World's Best,4,orange,1 large,other
Sangria - The World's Best,5,apple,1 large,other
Sangria - The World's Best,6,brandy,3-4 oz plain,brandy
Sangria - The World's Best,7,soda water,"
",other
Sazerac,1,ricard,1 tsp,other
Sazerac,2,sugar,1/2 tsp superfine,other
Sazerac,3,peychaud bitters,2 dashes,other
Sazerac,4,water,1 tsp,other
Sazerac,5,bourbon,2 oz,other
Sazerac,6,lemon peel,1 twist of,other
Scooter,1,brandy,1 oz,brandy
Scooter,2,amaretto,1 oz,other
Scooter,3,light cream,1 oz,cream
Scotch Cobbler,1,scotch,2 oz,other
Scotch Cobbler,2,brandy,4 dashes,brandy
Scotch Cobbler,3,curacao,4 dashes,other
Scotch Cobbler,4,orange,1 slice,other
Scotch Cobbler,5,mint,1,other
Scotch Sour,1,scotch,1 1/2 oz,other
Scotch Sour,2,lime,Juice of 1/2,other
Scotch Sour,3,powdered sugar,1/2 tsp,other
Scotch Sour,4,lemon,1/2 slice,other
Scotch Sour,5,cherry,1,other
Scottish Highland Liqueur,1,johnnie walker,1 fifth,other
Scottish Highland Liqueur,2,honey,1 1/2 cup mild,other
Scottish Highland Liqueur,3,angelica root,2 tsp dried and chopped,other
Scottish Highland Liqueur,4,fennel seeds,1/4 tsp crushed,other
Scottish Highland Liqueur,5,lemon peel,2 2 inch strips,other
Screaming Orgasm,1,vodka,1 oz,vodka
Screaming Orgasm,2,irish cream,1 1/2 oz,cream
Screaming Orgasm,3,kahlua,1/2 oz,other
Screwdriver,1,vodka,2 oz,vodka
Sea breeze,1,vodka,1 1/2 oz,vodka
Sea breeze,2,cranberry juice,4 oz,juice
Sea breeze,3,grapefruit juice,1 oz,juice
Sex on the Beach,1,vodka,1 oz,vodka
Sex on the Beach,2,peach schnapps,3/4 oz,schnapps
Shanghai Cocktail,1,light rum,1 oz Jamaican,rum
Shanghai Cocktail,2,anisette,1 tsp,other
Shanghai Cocktail,3,grenadine,1/2 tsp,other
Shanghai Cocktail,4,lemon,Juice of 1/4,other
Shark Attack,1,lemonade,1 can,other
Shark Attack,2,water,3 cans,other
Shark Attack,3,vodka,1 1/2 cup,vodka
Sherry Eggnog,1,sherry,2 oz cream,other
Sherry Eggnog,2,powdered sugar,1 tsp,other
Sherry Eggnog,3,egg,1 whole,other
Sherry Eggnog,4,milk,"
",other
Sherry Flip,1,sherry,1 1/2 oz cream,other
Sherry Flip,2,light cream,2 tsp,cream
Sherry Flip,3,powdered sugar,1 tsp,other
Sherry Flip,4,egg,1 whole,other
Sherry Flip,5,nutmeg,"
",other
Shot-gun,1,jim beam,1 part,other
Shot-gun,2,jack daniels,1 part,other
Shot-gun,3,wild turkey,1 oz,other
Sidecar,1,cognac,2 oz,other
Sidecar,2,cointreau,1/2 oz,other
Sidecar,3,lemon juice,1 oz,juice
Sidecar Cocktail,1,brandy,1 oz,brandy
Sidecar Cocktail,2,triple sec,1/2 oz,other
Sidecar Cocktail,3,lemon,Juice of 1/4,other
Singapore Sling,1,cherry brandy,1/2 oz,brandy
Singapore Sling,2,grenadine,1/2 oz,other
Singapore Sling,3,gin,1 oz,other
Singapore Sling,4,sweet and sour,2 oz,other
Sloe Gin Cocktail,1,sloe gin,2 oz,other
Sloe Gin Cocktail,2,dry vermouth,1/4 tsp,other
Sloe Gin Cocktail,3,orange bitters,1 dash,other
Smut,1,red wine,1/3 part,other
Smut,2,peach schnapps,1 shot,schnapps
Smut,3,pepsi cola,1/3 part,other
Smut,4,orange juice,1/3 part,juice
Snake Bite (UK),1,lager,1/2 pint,other
Snake Bite (UK),2,cider,1/2 pint sweet or dry,other
Snakebite and Black,1,lager,1/2 pint,other
Snakebite and Black,2,cider,1/2 pint,other
Snakebite and Black,3,blackcurrant squash,A little bit of,other
Snowball,1,advocaat,1 1/2 oz,other
Snowball,2,lemonade,8-10 oz cold,other
Snowball,3,lemon,1 slice,other
Snowball,4,ice,"cubes
",other
Sol Y Sombra,1,brandy,1 1/2 oz,brandy
Sol Y Sombra,2,anisette,1 1/2 oz,other
Space Odyssey,1,151 proof rum,1 shot Bacardi,rum
Space Odyssey,2,malibu rum,1 shot,rum
Space Odyssey,3,pineapple juice,1 shot,juice
Space Odyssey,4,orange juice,"
",juice
Space Odyssey,5,grenadine,"
",other
Spanish chocolate,1,milk,2 cups,other
Spanish chocolate,2,chocolate,2 oz sweet,chocolate
Spanish chocolate,3,cinnamon,1/2 tsp,other
Spanish chocolate,4,egg yolk,2 beaten,other
Spiced Peach Punch,1,peach nectar,46 oz,other
Spiced Peach Punch,2,orange juice,20 oz,juice
Spiced Peach Punch,3,brown sugar,1/2 cup,other
Spiced Peach Punch,4,cinnamon,3 3-inch,other
Spiced Peach Punch,5,cloves,1/2 tsp,other
Spiced Peach Punch,6,lime juice,2 tblsp,juice
Spiking coffee,1,coffee,"
",other
Spritz,1,prosecco,6 cl,other
Spritz,2,campari,4 cl,other
Spritz,3,soda water,splash,other
Stinger,1,brandy,1 1/2 oz,brandy
Stinger,2,white creme de menthe,1/2 oz,other
Stone Sour,1,apricot brandy,1 oz,brandy
Stone Sour,2,orange juice,1 oz,juice
Stone Sour,3,sweet and sour,1 oz,other
Strawberry Daiquiri,1,strawberry schnapps,1/2 oz,schnapps
Strawberry Daiquiri,2,light rum,1 oz,rum
Strawberry Daiquiri,3,lime juice,1 oz,juice
Strawberry Daiquiri,4,powdered sugar,1 tsp,other
Strawberry Daiquiri,5,strawberries,1 oz,other
Strawberry Lemonade,1,lemon,Juice of 1,other
Strawberry Lemonade,2,sugar,1 tblsp,other
Strawberry Lemonade,3,strawberries,8-10 ripe,other
Strawberry Lemonade,4,water,1 cup,other
Strawberry Margarita,1,strawberry schnapps,1/2 oz,schnapps
Strawberry Margarita,2,tequila,1 oz,other
Strawberry Margarita,3,triple sec,1/2 oz,other
Strawberry Margarita,4,lemon juice,1 oz,juice
Strawberry Margarita,5,strawberries,1 oz,other
Strawberry Margarita,6,salt,"
",other
Strawberry Shivers,1,strawberries,1 1/2 cup,other
Strawberry Shivers,2,honey,4 tsp,other
Strawberry Shivers,3,water,1/2 cup,other
Sunny Holiday Punch,1,pineapple juice,46 oz chilled,juice
Sunny Holiday Punch,2,club soda,28 oz,other
Sunny Holiday Punch,3,orange juice,6 oz frozen,juice
Sunny Holiday Punch,4,lemon,1,other
Sunny Holiday Punch,5,berries,2 cups,other
Sunny Holiday Punch,6,champagne,1 bottle,other
Surf City Lifesaver,1,ouzo,1 part,other
Surf City Lifesaver,2,irish cream,1 part,cream
Surf City Lifesaver,3,gin,2 parts,other
Surf City Lifesaver,4,grand marnier,1/2 part,other
Swedish Coffee,1,coffee,1 cup,other
Swedish Coffee,2,aquavit,4 cl,other
Swedish Coffee,3,sugar,By taste,other
Sweet Bananas,1,milk,2 cups,other
Sweet Bananas,2,banana,1,other
Sweet Bananas,3,honey,1 tblsp,other
Sweet Sangria,1,red wine,2 bottles,other
Sweet Sangria,2,sugar,1 cup,other
Sweet Sangria,3,water,2 cups hot,other
Sweet Sangria,4,apple,1 cup,other
Sweet Sangria,5,orange,"wedges
",other
Sweet Sangria,6,lime,"wedges
",other
Sweet Sangria,7,lemon,"
",other
Sweet Sangria,8,fresca,"
",other
Sweet Tooth,1,godiva liqueur,2 shots,liqueur
Sweet Tooth,2,milk,"
",other
Talos Coffee,1,grand marnier,3 parts,other
Talos Coffee,2,coffee,1 part,other
Tennesee Mud,1,coffee,8 oz,other
Tennesee Mud,2,jack daniels,4 oz,other
Tennesee Mud,3,amaretto,4 oz,other
Tennesee Mud,4,whipped cream,"
",cream
Tequila Fizz,1,tequila,2 oz,other
Tequila Fizz,2,lemon juice,1 tblsp,juice
Tequila Fizz,3,grenadine,3/4 oz,other
Tequila Fizz,4,egg white,1,other
Tequila Fizz,5,ginger ale,"
",other
Tequila Sour,1,tequila,2 oz,other
Tequila Sour,2,lemon,Juice of 1/2,other
Tequila Sour,3,powdered sugar,1 tsp,other
Tequila Sour,4,lemon,1/2 slice,other
Tequila Sour,5,cherry,1,other
Tequila Sunrise,1,tequila,2 measures,other
Tequila Surprise,1,tequila,full glass,other
Tequila Surprise,2,tabasco sauce,About 8 drops,other
Texas Rattlesnake,1,yukon jack,1 part,other
Texas Rattlesnake,2,cherry brandy,1/2 part,brandy
Texas Rattlesnake,3,southern comfort,1 part,other
Texas Rattlesnake,4,sweet and sour,1 splash,other
Texas Sling,1,kahlua,1/2 oz,other
Texas Sling,2,irish cream,1/2 oz,cream
Texas Sling,3,amaretto,1/2 oz,other
Texas Sling,4,151 proof rum,1/2 oz Bacardi,rum
Texas Sling,5,cream,1 oz,cream
Thai Coffee,1,coffee,6 tblsp ground,other
Thai Coffee,2,coriander,1/4 tsp,other
Thai Coffee,3,cardamom,4-5 whole green,other
Thai Iced Coffee,1,coffee,black,other
Thai Iced Coffee,2,sugar,"
",other
Thai Iced Coffee,3,cream,"pods
",cream
Thai Iced Coffee,4,cardamom,"
",other
Thai Iced Tea,1,tea,1/4 cup Thai,other
Thai Iced Tea,2,water,1/2 cup boiling,other
Thai Iced Tea,3,condensed milk,2 tsp sweetened,other
Thai Iced Tea,4,ice,"cubes
",other
The Evil Blue Thing,1,creme de cacao,1 1/2 oz,other
The Evil Blue Thing,2,blue curacao,1 oz,other
The Evil Blue Thing,3,light rum,1/2 oz,rum
Thriller,1,scotch,1 1/2 oz,other
Thriller,2,wine,1 oz Green Ginger,other
Thriller,3,orange juice,1 oz,juice
Tia-Maria,1,water,1 cup,other
Tia-Maria,2,brown sugar,3/4-1 cup,other
Tia-Maria,3,coffee,4 tsp,other
Tia-Maria,4,rum,1 cup,rum
Tia-Maria,5,vanilla extract,4 tsp,other
Tom Collins,1,gin,2 oz,other
Tom Collins,2,lemon juice,1 oz,juice
Tom Collins,3,sugar,1 tsp superfine,other
Tom Collins,4,club soda,3 oz,other
Tom Collins,5,maraschino cherry,1,other
Tom Collins,6,orange,1,other
Tomato Tang,1,tomato juice,2 cups,juice
Tomato Tang,2,lemon juice,1-2 tblsp,juice
Tomato Tang,3,celery salt,1 dash,other
Tommy's Margarita,1,tequila,4.5 cl,other
Tommy's Margarita,2,lime juice,1.5 cl,juice
Tommy's Margarita,3,agave syrup,2 spoons,syrup
Turf Cocktail,1,dry vermouth,1 oz,other
Turf Cocktail,2,gin,1 oz,other
Turf Cocktail,3,anis,1/4 tsp,other
Turf Cocktail,4,bitters,2 dashes,other
Turf Cocktail,5,orange peel,Twist of,other
Turkeyball,1,wild turkey,1 oz,other
Turkeyball,2,amaretto,3/4 oz,other
Turkeyball,3,pineapple juice,1 splash,juice
Tuxedo Cocktail,1,dry vermouth,1 1/2 oz,other
Tuxedo Cocktail,2,gin,1 1/2 oz,other
Tuxedo Cocktail,3,maraschino liqueur,1/4 tsp,liqueur
Tuxedo Cocktail,4,anis,1/4 tsp,other
Tuxedo Cocktail,5,orange bitters,2 dashes,other
Tuxedo Cocktail,6,cherry,1,other
Valencia Cocktail,1,apricot brandy,1 1/2 oz,brandy
Valencia Cocktail,2,orange juice,1 tblsp,juice
Valencia Cocktail,3,orange bitters,2 dashes,other
Vampiro,1,tequila,6 cl,other
Vampiro,2,tomato juice,3 cl,juice
Vampiro,3,orange juice,3 cl,juice
Vampiro,4,lime juice,1.5 cl,juice
Vampiro,5,sugar syrup,1 dash,syrup
Vampiro,6,salt,1 pinch,other
Van Vleet,1,light rum,3 oz,rum
Van Vleet,2,maple syrup,1 oz,syrup
Van Vleet,3,lemon juice,1 oz,juice
Vermouth Cassis,1,dry vermouth,1 1/2 oz,other
Vermouth Cassis,2,creme de cassis,3/4 oz,other
Vermouth Cassis,3,carbonated water,"
",other
Vesper,1,gin,6 cl,other
Vesper,2,vodka,1.5 cl,vodka
Vesper,3,lillet blanc,0.75 cl,other
Vesuvio,1,light rum,1 oz,rum
Vesuvio,2,sweet vermouth,1/2 oz,other
Vesuvio,3,lemon,Juice of 1/2,other
Vesuvio,4,powdered sugar,1 tsp,other
Vesuvio,5,egg white,1,other
Veteran,1,dark rum,2 oz,rum
Veteran,2,cherry brandy,1/2 oz,brandy
Victor,1,gin,1 1/2 oz,other
Victor,2,sweet vermouth,1/2 oz,other
Victor,3,brandy,1/2 oz,brandy
Victory Collins,1,vodka,1 1/2 oz,vodka
Victory Collins,2,lemon juice,3 oz,juice
Victory Collins,3,grape juice,3 oz unsweetened,juice
Victory Collins,4,powdered sugar,1 tsp,other
Victory Collins,5,orange,1 slice,other
Vodka And Tonic,1,vodka,2 oz,vodka
Vodka And Tonic,2,tonic water,"
",other
Vodka Fizz,1,vodka,2 oz,vodka
Vodka Fizz,2,half-and-half,2 oz,other
Vodka Fizz,3,limeade,2 oz,other
Vodka Fizz,4,ice,"
",other
Vodka Fizz,5,nutmeg,"
",other
Vodka Martini,1,vodka,1 1/2 oz,vodka
Vodka Martini,2,dry vermouth,3/4 oz,other
Vodka Martini,3,olive,1,other
Vodka Russian,1,vodka,2 oz,vodka
Vodka Russian,2,schweppes russchian,"
",other
Waikiki Beachcomber,1,triple sec,3/4 oz,other
Waikiki Beachcomber,2,gin,3/4 oz,other
Waikiki Beachcomber,3,pineapple juice,1 tblsp,juice
Whiskey Sour,1,blended whiskey,2 oz,other
Whiskey Sour,2,lemon,Juice of 1/2,other
Whiskey Sour,3,powdered sugar,1/2 tsp,other
Whiskey Sour,4,cherry,1,other
Whiskey Sour,5,lemon,1/2 slice,other
Whisky Mac,1,scotch,1 1/2 oz,other
Whisky Mac,2,wine,1 oz Green Ginger,other
White Lady,1,gin,4cl,other
White Lady,2,triple sec,3cl,other
White Lady,3,lemon juice,2cl,juice
White Russian,1,vodka,2 oz,vodka
White Russian,2,coffee liqueur,1 oz,liqueur
White Russian,3,light cream,"
",cream
Whitecap Margarita,1,ice,1 cup,other
Whitecap Margarita,2,tequila,2 oz,other
Whitecap Margarita,3,cream of coconut,1/4 cup,cream
Whitecap Margarita,4,lime juice,3 tblsp fresh,juice
Wine Cooler,1,red wine,2 oz white or,other
Wine Cooler,2,lemon-lime soda,5 oz,other
Wine Cooler,3,ice,"cubes
",other
Wine Punch,1,red wine,1 bottle,other
Wine Punch,2,lemon,2,other
Wine Punch,3,orange juice,1 cup,juice
Wine Punch,4,orange,3,other
Wine Punch,5,pineapple juice,1 cup,juice
Yellow Bird,1,white rum,3 cl,rum
Yellow Bird,2,galliano,1.5 cl,other
Yellow Bird,3,triple sec,1.5 cl,other
Yellow Bird,4,lime juice,1.5 cl,juice
Yoghurt Cooler,1,yoghurt,1 cup,other
Yoghurt Cooler,2,fruit,1 cup,other
Yoghurt Cooler,3,ice,"
",other
Zambeer,1,sambuca,1 1/2 oz,other
Zambeer,2,root beer,Add 10 oz,other
Zambeer,3,ice,"cubes
",other
Zenmeister,1,jägermeister,1/2 oz,other
Zenmeister,2,root beer,1/2 oz,other
Ziemes Martini Apfelsaft,1,vermouth,4 cl,other
Ziemes Martini Apfelsaft,2,apple juice,16 cl,juice
Zima Blaster,1,zima,12 oz,other
Zima Blaster,2,raspberry liqueur,3 oz,liqueur
Zimadori Zinger,1,melon liqueur,1.5 oz,liqueur
Zimadori Zinger,2,zima,12 oz,other
Zinger,1,peach schnapps,4 shots,schnapps
Zinger,2,surge,4 shots,other
Zipperhead,1,raspberry liqueur,1 shot,liqueur
Zipperhead,2,vodka,1 shot,vodka
Zipperhead,3,soda water,Fill with,other
Zippy's Revenge,1,amaretto,2 oz,other
Zippy's Revenge,2,rum,2 oz,rum
Zippy's Revenge,3,kool-aid,4 oz Grape,other
Zizi Coin-coin,1,cointreau,5 cl,other
Zizi Coin-coin,2,lemon juice,2 cl,juice
Zizi Coin-coin,3,ice,"cubes
",other
Zizi Coin-coin,4,lemon,"or lime
",other
Zoksel,1,beer,"
",other
Zoksel,2,root beer,"
",other
Zoksel,3,lemonade,"
",other
Zoksel,4,coca-cola,"slice
",other
Zoksel,5,7-up,"
",other
Zoksel,6,creme de cassis,"
",other
Zoksel,7,lemon,"
",other
Zorbatini,1,vodka,1 1/4 oz Stoli,vodka
Zorbatini,2,ouzo,1/4 oz,other
Zorro,1,sambuca,2 cl,other
Zorro,2,irish cream,2 cl,cream
Zorro,3,white creme de menthe,2 cl,other
Screwdriver,2,orange juice,3 oz,other
